2026-04-07 15:04:21 +0000 [MT] Initial pipeline context: <IDEDistributionProcessingPipelineContext: 0xb7e349800; archive(resolved)="<IDEArchive: 0xb7bf700e0>", distributionTask(resolved)="2", distributionDestination(resolved)="1", distributionMethod(resolved)="<IDEDistributionMethodDeveloperID: 0xb7ecbe4c0>", team(resolved)="<IDEProvisioningBasicTeam: 0xb7bad6200; teamID='79Q5RV23F9', teamName='(null)'>">
	Chain (12, self inclusive):
	<IDEDistributionProcessingPipelineContext: 0xb7e349800; archive = "<IDEArchive: 0xb7bf700e0>", distributionMethod="<IDEDistributionMethodDeveloperID: 0xb7ecbe4c0>", team="<IDEProvisioningBasicTeam: 0xb7bad6200; teamID='79Q5RV23F9', teamName='(null)'>">
	<IDEDistributionProcessingPipelineContext: 0xb7e348f00; archive = "<IDEArchive: 0xb7bf700e0>", distributionMethod="<IDEDistributionMethodDeveloperID: 0xb7ecbe4c0>", team="<IDEProvisioningBasicTeam: 0xb7bad6200; teamID='79Q5RV23F9', teamName='(null)'>">
	<IDEDistributionContext: 0xb7ecfd180; archive = "<IDEArchive: 0xb7bf700e0>", distributionMethod="<IDEDistributionMethodDeveloperID: 0xb7ecbe4c0>", team="<IDEProvisioningBasicTeam: 0xb7bad6200; teamID='79Q5RV23F9', teamName='(null)'>">
	<IDEDistributionContext: 0xb7ecfcf00; archive = "<IDEArchive: 0xb7bf700e0>", distributionMethod="<IDEDistributionMethodDeveloperID: 0xb7ecbe4c0>", team="<IDEProvisioningBasicTeam: 0xb7bad6200; teamID='79Q5RV23F9', teamName='(null)'>">
	<IDEDistributionContext: 0xb7ecfcc80; archive = "<IDEArchive: 0xb7bf700e0>", distributionMethod="<IDEDistributionMethodDeveloperID: 0xb7ecbe4c0>", team="<IDEProvisioningBasicTeam: 0xb7bad6200; teamID='79Q5RV23F9', teamName='(null)'>">
	<IDEDistributionContext: 0xb7ecfca00; archive = "<IDEArchive: 0xb7bf700e0>", distributionMethod="<IDEDistributionMethodDeveloperID: 0xb7ecbe4c0>", team="<IDEProvisioningBasicTeam: 0xb7bad6200; teamID='79Q5RV23F9', teamName='(null)'>">
	<IDEDistributionContext: 0xb7ecfc780; archive = "<IDEArchive: 0xb7bf700e0>", distributionMethod="<IDEDistributionMethodDeveloperID: 0xb7ecbe4c0>", team="<IDEProvisioningBasicTeam: 0xb7bad6200; teamID='79Q5RV23F9', teamName='(null)'>">
	<IDEDistributionContext: 0xb7ecfc500; archive = "<IDEArchive: 0xb7bf700e0>", distributionMethod="<IDEDistributionMethodDeveloperID: 0xb7ecbe4c0>", team="<IDEProvisioningBasicTeam: 0xb7bad6200; teamID='79Q5RV23F9', teamName='(null)'>">
	<IDEDistributionContext: 0xb7ecfc280; archive = "<IDEArchive: 0xb7bf700e0>", distributionMethod="<IDEDistributionMethodDeveloperID: 0xb7ecbe4c0>", team="<IDEProvisioningBasicTeam: 0xb7bad6200; teamID='79Q5RV23F9', teamName='(null)'>">
	<IDEDistributionContext: 0xb7ecfc000; archive = "<IDEArchive: 0xb7bf700e0>", distributionMethod="<IDEDistributionMethodDeveloperID: 0xb7ecbe4c0>", team="(null)">
	<IDEDistributionContext: 0x101613fd0; archive = "<IDEArchive: 0xb7bf700e0>", distributionMethod="<IDEDistributionMethodDeveloperID: 0xb7ecbe4c0>", team="(null)">
	<IDEDistributionContext: 0x1015e2810; archive = "<IDEArchive: 0xb7bf700e0>", distributionMethod="(null)", team="(null)">
</IDEDistributionProcessingPipelineContext: 0xb7e349800>
2026-04-07 15:04:21 +0000 [MT] Processing step: IDEDistributionCreateDestRootStep
2026-04-07 15:04:21 +0000 [MT] Processing step: IDEDistributionCopyItemStep
2026-04-07 15:04:21 +0000 [MT] Running /usr/bin/ditto '-V' '/Users/imsang-yeob/Maccy/build/FlowClip.xcarchive/Products/Applications/FlowClip.app' '/var/folders/9d/8jyn_9md5xs0dcw7638m62g40000gn/T/XcodeDistPipeline.~~~GIYoLX/Root/Applications/FlowClip.app'
2026-04-07 15:04:21 +0000  >>> Copying /Users/imsang-yeob/Maccy/build/FlowClip.xcarchive/Products/Applications/FlowClip.app 
2026-04-07 15:04:21 +0000  copying file ./Contents/_CodeSignature/CodeResources ... 
2026-04-07 15:04:21 +0000  129588 bytes for ./Contents/_CodeSignature/CodeResources
2026-04-07 15:04:21 +0000  copying file ./Contents/MacOS/FlowClip ... 
2026-04-07 15:04:21 +0000  3999888 bytes for ./Contents/MacOS/FlowClip
2026-04-07 15:04:21 +0000  copying file ./Contents/Resources/de.lproj/GeneralSettings.strings ... 
2026-04-07 15:04:21 +0000  2574 bytes for ./Contents/Resources/de.lproj/GeneralSettings.strings
2026-04-07 15:04:21 +0000  copying file ./Contents/Resources/de.lproj/AdvancedSettings.strings ... 
2026-04-07 15:04:21 +0000  2242 bytes for ./Contents/Resources/de.lproj/AdvancedSettings.strings
2026-04-07 15:04:21 +0000  copying file ./Contents/Resources/de.lproj/PinsSettings.strings ... 
2026-04-07 15:04:21 +0000  1000 bytes for ./Contents/Resources/de.lproj/PinsSettings.strings
2026-04-07 15:04:21 +0000  copying file ./Contents/Resources/de.lproj/Localizable.strings ... 
2026-04-07 15:04:21 +0000  3520 bytes for ./Contents/Resources/de.lproj/Localizable.strings
2026-04-07 15:04:21 +0000  copying file ./Contents/Resources/de.lproj/IgnoreSettings.strings ... 
2026-04-07 15:04:21 +0000  1862 bytes for ./Contents/Resources/de.lproj/IgnoreSettings.strings
2026-04-07 15:04:21 +0000  copying file ./Contents/Resources/de.lproj/PreviewItemView.strings ... 
2026-04-07 15:04:21 +0000  490 bytes for ./Contents/Resources/de.lproj/PreviewItemView.strings
2026-04-07 15:04:21 +0000  copying file ./Contents/Resources/de.lproj/AppearanceSettings.strings ... 
2026-04-07 15:04:21 +0000  3930 bytes for ./Contents/Resources/de.lproj/AppearanceSettings.strings
2026-04-07 15:04:21 +0000  copying file ./Contents/Resources/de.lproj/StorageSettings.strings ... 
2026-04-07 15:04:21 +0000  1158 bytes for ./Contents/Resources/de.lproj/StorageSettings.strings
2026-04-07 15:04:21 +0000  copying file ./Contents/Resources/he.lproj/GeneralSettings.strings ... 
2026-04-07 15:04:21 +0000  2060 bytes for ./Contents/Resources/he.lproj/GeneralSettings.strings
2026-04-07 15:04:21 +0000  copying file ./Contents/Resources/he.lproj/AdvancedSettings.strings ... 
2026-04-07 15:04:21 +0000  1742 bytes for ./Contents/Resources/he.lproj/AdvancedSettings.strings
2026-04-07 15:04:21 +0000  copying file ./Contents/Resources/he.lproj/PinsSettings.strings ... 
2026-04-07 15:04:21 +0000  754 bytes for ./Contents/Resources/he.lproj/PinsSettings.strings
2026-04-07 15:04:21 +0000  copying file ./Contents/Resources/he.lproj/Localizable.strings ... 
2026-04-07 15:04:21 +0000  2892 bytes for ./Contents/Resources/he.lproj/Localizable.strings
2026-04-07 15:04:21 +0000  copying file ./Contents/Resources/he.lproj/IgnoreSettings.strings ... 
2026-04-07 15:04:21 +0000  1386 bytes for ./Contents/Resources/he.lproj/IgnoreSettings.strings
2026-04-07 15:04:21 +0000  copying file ./Contents/Resources/he.lproj/PreviewItemView.strings ... 
2026-04-07 15:04:21 +0000  502 bytes for ./Contents/Resources/he.lproj/PreviewItemView.strings
2026-04-07 15:04:21 +0000  copying file ./Contents/Resources/he.lproj/AppearanceSettings.strings ... 
2026-04-07 15:04:21 +0000  3364 bytes for ./Contents/Resources/he.lproj/AppearanceSettings.strings
2026-04-07 15:04:21 +0000  copying file ./Contents/Resources/he.lproj/StorageSettings.strings ... 
2026-04-07 15:04:21 +0000  950 bytes for ./Contents/Resources/he.lproj/StorageSettings.strings
2026-04-07 15:04:21 +0000  copying file ./Contents/Resources/ar.lproj/GeneralSettings.strings ... 
2026-04-07 15:04:21 +0000  2090 bytes for ./Contents/Resources/ar.lproj/GeneralSettings.strings
2026-04-07 15:04:21 +0000  copying file ./Contents/Resources/ar.lproj/AdvancedSettings.strings ... 
2026-04-07 15:04:21 +0000  1670 bytes for ./Contents/Resources/ar.lproj/AdvancedSettings.strings
2026-04-07 15:04:21 +0000  copying file ./Contents/Resources/ar.lproj/PinsSettings.strings ... 
2026-04-07 15:04:21 +0000  814 bytes for ./Contents/Resources/ar.lproj/PinsSettings.strings
2026-04-07 15:04:21 +0000  copying file ./Contents/Resources/ar.lproj/Localizable.strings ... 
2026-04-07 15:04:21 +0000  2982 bytes for ./Contents/Resources/ar.lproj/Localizable.strings
2026-04-07 15:04:21 +0000  copying file ./Contents/Resources/ar.lproj/IgnoreSettings.strings ... 
2026-04-07 15:04:21 +0000  1490 bytes for ./Contents/Resources/ar.lproj/IgnoreSettings.strings
2026-04-07 15:04:21 +0000  copying file ./Contents/Resources/ar.lproj/PreviewItemView.strings ... 
2026-04-07 15:04:21 +0000  466 bytes for ./Contents/Resources/ar.lproj/PreviewItemView.strings
2026-04-07 15:04:21 +0000  copying file ./Contents/Resources/ar.lproj/AppearanceSettings.strings ... 
2026-04-07 15:04:21 +0000  3494 bytes for ./Contents/Resources/ar.lproj/AppearanceSettings.strings
2026-04-07 15:04:21 +0000  copying file ./Contents/Resources/ar.lproj/StorageSettings.strings ... 
2026-04-07 15:04:21 +0000  986 bytes for ./Contents/Resources/ar.lproj/StorageSettings.strings
2026-04-07 15:04:21 +0000  copying file ./Contents/Resources/zh-Hans.lproj/GeneralSettings.strings ... 
2026-04-07 15:04:21 +0000  1266 bytes for ./Contents/Resources/zh-Hans.lproj/GeneralSettings.strings
2026-04-07 15:04:21 +0000  copying file ./Contents/Resources/zh-Hans.lproj/AdvancedSettings.strings ... 
2026-04-07 15:04:21 +0000  1260 bytes for ./Contents/Resources/zh-Hans.lproj/AdvancedSettings.strings
2026-04-07 15:04:21 +0000  copying file ./Contents/Resources/zh-Hans.lproj/PinsSettings.strings ... 
2026-04-07 15:04:21 +0000  438 bytes for ./Contents/Resources/zh-Hans.lproj/PinsSettings.strings
2026-04-07 15:04:21 +0000  copying file ./Contents/Resources/zh-Hans.lproj/Localizable.strings ... 
2026-04-07 15:04:21 +0000  2132 bytes for ./Contents/Resources/zh-Hans.lproj/Localizable.strings
2026-04-07 15:04:21 +0000  copying file ./Contents/Resources/zh-Hans.lproj/IgnoreSettings.strings ... 
2026-04-07 15:04:21 +0000  826 bytes for ./Contents/Resources/zh-Hans.lproj/IgnoreSettings.strings
2026-04-07 15:04:21 +0000  copying file ./Contents/Resources/zh-Hans.lproj/PreviewItemView.strings ... 
2026-04-07 15:04:21 +0000  352 bytes for ./Contents/Resources/zh-Hans.lproj/PreviewItemView.strings
2026-04-07 15:04:21 +0000  copying file ./Contents/Resources/zh-Hans.lproj/AppearanceSettings.strings ... 
2026-04-07 15:04:21 +0000  2454 bytes for ./Contents/Resources/zh-Hans.lproj/AppearanceSettings.strings
2026-04-07 15:04:21 +0000  copying file ./Contents/Resources/zh-Hans.lproj/StorageSettings.strings ... 
2026-04-07 15:04:21 +0000  686 bytes for ./Contents/Resources/zh-Hans.lproj/StorageSettings.strings
2026-04-07 15:04:21 +0000  copying file ./Contents/Resources/ja.lproj/GeneralSettings.strings ... 
2026-04-07 15:04:21 +0000  1492 bytes for ./Contents/Resources/ja.lproj/GeneralSettings.strings
2026-04-07 15:04:21 +0000  copying file ./Contents/Resources/ja.lproj/AdvancedSettings.strings ... 
2026-04-07 15:04:21 +0000  1438 bytes for ./Contents/Resources/ja.lproj/AdvancedSettings.strings
2026-04-07 15:04:21 +0000  copying file ./Contents/Resources/ja.lproj/PinsSettings.strings ... 
2026-04-07 15:04:21 +0000  540 bytes for ./Contents/Resources/ja.lproj/PinsSettings.strings
2026-04-07 15:04:21 +0000  copying file ./Contents/Resources/ja.lproj/Localizable.strings ... 
2026-04-07 15:04:21 +0000  2520 bytes for ./Contents/Resources/ja.lproj/Localizable.strings
2026-04-07 15:04:21 +0000  copying file ./Contents/Resources/ja.lproj/IgnoreSettings.strings ... 
2026-04-07 15:04:21 +0000  1034 bytes for ./Contents/Resources/ja.lproj/IgnoreSettings.strings
2026-04-07 15:04:21 +0000  copying file ./Contents/Resources/ja.lproj/PreviewItemView.strings ... 
2026-04-07 15:04:21 +0000  390 bytes for ./Contents/Resources/ja.lproj/PreviewItemView.strings
2026-04-07 15:04:21 +0000  copying file ./Contents/Resources/ja.lproj/AppearanceSettings.strings ... 
2026-04-07 15:04:21 +0000  2736 bytes for ./Contents/Resources/ja.lproj/AppearanceSettings.strings
2026-04-07 15:04:21 +0000  copying file ./Contents/Resources/ja.lproj/StorageSettings.strings ... 
2026-04-07 15:04:21 +0000  762 bytes for ./Contents/Resources/ja.lproj/StorageSettings.strings
2026-04-07 15:04:21 +0000  copying file ./Contents/Resources/en.lproj/GeneralSettings.strings ... 
2026-04-07 15:04:21 +0000  3814 bytes for ./Contents/Resources/en.lproj/GeneralSettings.strings
2026-04-07 15:04:21 +0000  copying file ./Contents/Resources/en.lproj/AdvancedSettings.strings ... 
2026-04-07 15:04:21 +0000  1816 bytes for ./Contents/Resources/en.lproj/AdvancedSettings.strings
2026-04-07 15:04:21 +0000  copying file ./Contents/Resources/en.lproj/PinsSettings.strings ... 
2026-04-07 15:04:21 +0000  878 bytes for ./Contents/Resources/en.lproj/PinsSettings.strings
2026-04-07 15:04:21 +0000  copying file ./Contents/Resources/en.lproj/Localizable.strings ... 
2026-04-07 15:04:21 +0000  3682 bytes for ./Contents/Resources/en.lproj/Localizable.strings
2026-04-07 15:04:21 +0000  copying file ./Contents/Resources/en.lproj/IgnoreSettings.strings ... 
2026-04-07 15:04:21 +0000  1628 bytes for ./Contents/Resources/en.lproj/IgnoreSettings.strings
2026-04-07 15:04:21 +0000  copying file ./Contents/Resources/en.lproj/PreviewItemView.strings ... 
2026-04-07 15:04:21 +0000  466 bytes for ./Contents/Resources/en.lproj/PreviewItemView.strings
2026-04-07 15:04:21 +0000  copying file ./Contents/Resources/en.lproj/AppearanceSettings.strings ... 
2026-04-07 15:04:21 +0000  3442 bytes for ./Contents/Resources/en.lproj/AppearanceSettings.strings
2026-04-07 15:04:21 +0000  copying file ./Contents/Resources/en.lproj/StorageSettings.strings ... 
2026-04-07 15:04:21 +0000  992 bytes for ./Contents/Resources/en.lproj/StorageSettings.strings
2026-04-07 15:04:21 +0000  copying file ./Contents/Resources/uk.lproj/GeneralSettings.strings ... 
2026-04-07 15:04:21 +0000  2568 bytes for ./Contents/Resources/uk.lproj/GeneralSettings.strings
2026-04-07 15:04:21 +0000  copying file ./Contents/Resources/uk.lproj/AdvancedSettings.strings ... 
2026-04-07 15:04:21 +0000  1922 bytes for ./Contents/Resources/uk.lproj/AdvancedSettings.strings
2026-04-07 15:04:21 +0000  copying file ./Contents/Resources/uk.lproj/PinsSettings.strings ... 
2026-04-07 15:04:21 +0000  964 bytes for ./Contents/Resources/uk.lproj/PinsSettings.strings
2026-04-07 15:04:21 +0000  copying file ./Contents/Resources/uk.lproj/Localizable.strings ... 
2026-04-07 15:04:21 +0000  3426 bytes for ./Contents/Resources/uk.lproj/Localizable.strings
2026-04-07 15:04:21 +0000  copying file ./Contents/Resources/uk.lproj/IgnoreSettings.strings ... 
2026-04-07 15:04:21 +0000  1690 bytes for ./Contents/Resources/uk.lproj/IgnoreSettings.strings
2026-04-07 15:04:21 +0000  copying file ./Contents/Resources/uk.lproj/PreviewItemView.strings ... 
2026-04-07 15:04:21 +0000  506 bytes for ./Contents/Resources/uk.lproj/PreviewItemView.strings
2026-04-07 15:04:21 +0000  copying file ./Contents/Resources/uk.lproj/AppearanceSettings.strings ... 
2026-04-07 15:04:21 +0000  3960 bytes for ./Contents/Resources/uk.lproj/AppearanceSettings.strings
2026-04-07 15:04:21 +0000  copying file ./Contents/Resources/uk.lproj/StorageSettings.strings ... 
2026-04-07 15:04:21 +0000  1124 bytes for ./Contents/Resources/uk.lproj/StorageSettings.strings
2026-04-07 15:04:21 +0000  copying file ./Contents/Resources/nb.lproj/GeneralSettings.strings ... 
2026-04-07 15:04:21 +0000  2334 bytes for ./Contents/Resources/nb.lproj/GeneralSettings.strings
2026-04-07 15:04:21 +0000  copying file ./Contents/Resources/nb.lproj/AdvancedSettings.strings ... 
2026-04-07 15:04:21 +0000  1892 bytes for ./Contents/Resources/nb.lproj/AdvancedSettings.strings
2026-04-07 15:04:21 +0000  copying file ./Contents/Resources/nb.lproj/PinsSettings.strings ... 
2026-04-07 15:04:21 +0000  920 bytes for ./Contents/Resources/nb.lproj/PinsSettings.strings
2026-04-07 15:04:21 +0000  copying file ./Contents/Resources/nb.lproj/Localizable.strings ... 
2026-04-07 15:04:21 +0000  3230 bytes for ./Contents/Resources/nb.lproj/Localizable.strings
2026-04-07 15:04:21 +0000  copying file ./Contents/Resources/nb.lproj/IgnoreSettings.strings ... 
2026-04-07 15:04:21 +0000  1686 bytes for ./Contents/Resources/nb.lproj/IgnoreSettings.strings
2026-04-07 15:04:21 +0000  copying file ./Contents/Resources/nb.lproj/PreviewItemView.strings ... 
2026-04-07 15:04:21 +0000  536 bytes for ./Contents/Resources/nb.lproj/PreviewItemView.strings
2026-04-07 15:04:21 +0000  copying file ./Contents/Resources/nb.lproj/AppearanceSettings.strings ... 
2026-04-07 15:04:21 +0000  3558 bytes for ./Contents/Resources/nb.lproj/AppearanceSettings.strings
2026-04-07 15:04:21 +0000  copying file ./Contents/Resources/nb.lproj/StorageSettings.strings ... 
2026-04-07 15:04:21 +0000  1102 bytes for ./Contents/Resources/nb.lproj/StorageSettings.strings
2026-04-07 15:04:21 +0000  copying file ./Contents/Resources/LICENSE ... 
2026-04-07 15:04:21 +0000  1080 bytes for ./Contents/Resources/LICENSE
2026-04-07 15:04:21 +0000  copying file ./Contents/Resources/es.lproj/GeneralSettings.strings ... 
2026-04-07 15:04:21 +0000  2698 bytes for ./Contents/Resources/es.lproj/GeneralSettings.strings
2026-04-07 15:04:21 +0000  copying file ./Contents/Resources/es.lproj/AdvancedSettings.strings ... 
2026-04-07 15:04:21 +0000  2038 bytes for ./Contents/Resources/es.lproj/AdvancedSettings.strings
2026-04-07 15:04:21 +0000  copying file ./Contents/Resources/es.lproj/PinsSettings.strings ... 
2026-04-07 15:04:21 +0000  856 bytes for ./Contents/Resources/es.lproj/PinsSettings.strings
2026-04-07 15:04:21 +0000  copying file ./Contents/Resources/es.lproj/Localizable.strings ... 
2026-04-07 15:04:21 +0000  3456 bytes for ./Contents/Resources/es.lproj/Localizable.strings
2026-04-07 15:04:21 +0000  copying file ./Contents/Resources/es.lproj/IgnoreSettings.strings ... 
2026-04-07 15:04:21 +0000  1672 bytes for ./Contents/Resources/es.lproj/IgnoreSettings.strings
2026-04-07 15:04:21 +0000  copying file ./Contents/Resources/es.lproj/PreviewItemView.strings ... 
2026-04-07 15:04:21 +0000  530 bytes for ./Contents/Resources/es.lproj/PreviewItemView.strings
2026-04-07 15:04:21 +0000  copying file ./Contents/Resources/es.lproj/AppearanceSettings.strings ... 
2026-04-07 15:04:21 +0000  4076 bytes for ./Contents/Resources/es.lproj/AppearanceSettings.strings
2026-04-07 15:04:21 +0000  copying file ./Contents/Resources/es.lproj/StorageSettings.strings ... 
2026-04-07 15:04:21 +0000  1122 bytes for ./Contents/Resources/es.lproj/StorageSettings.strings
2026-04-07 15:04:21 +0000  copying file ./Contents/Resources/sl.lproj/GeneralSettings.strings ... 
2026-04-07 15:04:21 +0000  2506 bytes for ./Contents/Resources/sl.lproj/GeneralSettings.strings
2026-04-07 15:04:21 +0000  copying file ./Contents/Resources/sl.lproj/AdvancedSettings.strings ... 
2026-04-07 15:04:21 +0000  1944 bytes for ./Contents/Resources/sl.lproj/AdvancedSettings.strings
2026-04-07 15:04:21 +0000  copying file ./Contents/Resources/sl.lproj/PinsSettings.strings ... 
2026-04-07 15:04:21 +0000  936 bytes for ./Contents/Resources/sl.lproj/PinsSettings.strings
2026-04-07 15:04:21 +0000  copying file ./Contents/Resources/sl.lproj/Localizable.strings ... 
2026-04-07 15:04:21 +0000  3342 bytes for ./Contents/Resources/sl.lproj/Localizable.strings
2026-04-07 15:04:21 +0000  copying file ./Contents/Resources/sl.lproj/IgnoreSettings.strings ... 
2026-04-07 15:04:21 +0000  1620 bytes for ./Contents/Resources/sl.lproj/IgnoreSettings.strings
2026-04-07 15:04:21 +0000  copying file ./Contents/Resources/sl.lproj/PreviewItemView.strings ... 
2026-04-07 15:04:21 +0000  528 bytes for ./Contents/Resources/sl.lproj/PreviewItemView.strings
2026-04-07 15:04:21 +0000  copying file ./Contents/Resources/sl.lproj/AppearanceSettings.strings ... 
2026-04-07 15:04:21 +0000  3736 bytes for ./Contents/Resources/sl.lproj/AppearanceSettings.strings
2026-04-07 15:04:21 +0000  copying file ./Contents/Resources/sl.lproj/StorageSettings.strings ... 
2026-04-07 15:04:21 +0000  1116 bytes for ./Contents/Resources/sl.lproj/StorageSettings.strings
2026-04-07 15:04:21 +0000  copying file ./Contents/Resources/Metadata.appintents/version.json ... 
2026-04-07 15:04:21 +0000  52 bytes for ./Contents/Resources/Metadata.appintents/version.json
2026-04-07 15:04:21 +0000  copying file ./Contents/Resources/Metadata.appintents/extract.actionsdata ... 
2026-04-07 15:04:21 +0000  9146 bytes for ./Contents/Resources/Metadata.appintents/extract.actionsdata
2026-04-07 15:04:21 +0000  copying file ./Contents/Resources/it.lproj/GeneralSettings.strings ... 
2026-04-07 15:04:21 +0000  2588 bytes for ./Contents/Resources/it.lproj/GeneralSettings.strings
2026-04-07 15:04:21 +0000  copying file ./Contents/Resources/it.lproj/AdvancedSettings.strings ... 
2026-04-07 15:04:21 +0000  2044 bytes for ./Contents/Resources/it.lproj/AdvancedSettings.strings
2026-04-07 15:04:21 +0000  copying file ./Contents/Resources/it.lproj/PinsSettings.strings ... 
2026-04-07 15:04:21 +0000  900 bytes for ./Contents/Resources/it.lproj/PinsSettings.strings
2026-04-07 15:04:21 +0000  copying file ./Contents/Resources/it.lproj/Localizable.strings ... 
2026-04-07 15:04:21 +0000  3472 bytes for ./Contents/Resources/it.lproj/Localizable.strings
2026-04-07 15:04:21 +0000  copying file ./Contents/Resources/it.lproj/IgnoreSettings.strings ... 
2026-04-07 15:04:21 +0000  1756 bytes for ./Contents/Resources/it.lproj/IgnoreSettings.strings
2026-04-07 15:04:21 +0000  copying file ./Contents/Resources/it.lproj/PreviewItemView.strings ... 
2026-04-07 15:04:21 +0000  520 bytes for ./Contents/Resources/it.lproj/PreviewItemView.strings
2026-04-07 15:04:21 +0000  copying file ./Contents/Resources/it.lproj/AppearanceSettings.strings ... 
2026-04-07 15:04:21 +0000  3982 bytes for ./Contents/Resources/it.lproj/AppearanceSettings.strings
2026-04-07 15:04:21 +0000  copying file ./Contents/Resources/it.lproj/StorageSettings.strings ... 
2026-04-07 15:04:21 +0000  1118 bytes for ./Contents/Resources/it.lproj/StorageSettings.strings
2026-04-07 15:04:21 +0000  copying file ./Contents/Resources/Defaults_Defaults.bundle/Contents/_CodeSignature/CodeResources ... 
2026-04-07 15:04:21 +0000  2464 bytes for ./Contents/Resources/Defaults_Defaults.bundle/Contents/_CodeSignature/CodeResources
2026-04-07 15:04:21 +0000  copying file ./Contents/Resources/Defaults_Defaults.bundle/Contents/_CodeSignature/CodeDirectory ... 
2026-04-07 15:04:21 +0000  212 bytes for ./Contents/Resources/Defaults_Defaults.bundle/Contents/_CodeSignature/CodeDirectory
2026-04-07 15:04:21 +0000  copying file ./Contents/Resources/Defaults_Defaults.bundle/Contents/_CodeSignature/CodeSignature ... 
2026-04-07 15:04:21 +0000  9046 bytes for ./Contents/Resources/Defaults_Defaults.bundle/Contents/_CodeSignature/CodeSignature
2026-04-07 15:04:21 +0000  copying file ./Contents/Resources/Defaults_Defaults.bundle/Contents/_CodeSignature/CodeRequirements ... 
2026-04-07 15:04:21 +0000  212 bytes for ./Contents/Resources/Defaults_Defaults.bundle/Contents/_CodeSignature/CodeRequirements
2026-04-07 15:04:21 +0000  copying file ./Contents/Resources/Defaults_Defaults.bundle/Contents/Resources/PrivacyInfo.xcprivacy ... 
2026-04-07 15:04:21 +0000  511 bytes for ./Contents/Resources/Defaults_Defaults.bundle/Contents/Resources/PrivacyInfo.xcprivacy
2026-04-07 15:04:21 +0000  copying file ./Contents/Resources/Defaults_Defaults.bundle/Contents/Info.plist ... 
2026-04-07 15:04:21 +0000  1124 bytes for ./Contents/Resources/Defaults_Defaults.bundle/Contents/Info.plist
2026-04-07 15:04:21 +0000  copying file ./Contents/Resources/be.lproj/GeneralSettings.strings ... 
2026-04-07 15:04:21 +0000  2388 bytes for ./Contents/Resources/be.lproj/GeneralSettings.strings
2026-04-07 15:04:21 +0000  copying file ./Contents/Resources/be.lproj/AdvancedSettings.strings ... 
2026-04-07 15:04:21 +0000  1962 bytes for ./Contents/Resources/be.lproj/AdvancedSettings.strings
2026-04-07 15:04:21 +0000  copying file ./Contents/Resources/be.lproj/PinsSettings.strings ... 
2026-04-07 15:04:21 +0000  932 bytes for ./Contents/Resources/be.lproj/PinsSettings.strings
2026-04-07 15:04:21 +0000  copying file ./Contents/Resources/be.lproj/Localizable.strings ... 
2026-04-07 15:04:21 +0000  3358 bytes for ./Contents/Resources/be.lproj/Localizable.strings
2026-04-07 15:04:21 +0000  copying file ./Contents/Resources/be.lproj/IgnoreSettings.strings ... 
2026-04-07 15:04:21 +0000  1638 bytes for ./Contents/Resources/be.lproj/IgnoreSettings.strings
2026-04-07 15:04:21 +0000  copying file ./Contents/Resources/be.lproj/PreviewItemView.strings ... 
2026-04-07 15:04:21 +0000  562 bytes for ./Contents/Resources/be.lproj/PreviewItemView.strings
2026-04-07 15:04:21 +0000  copying file ./Contents/Resources/be.lproj/AppearanceSettings.strings ... 
2026-04-07 15:04:21 +0000  3816 bytes for ./Contents/Resources/be.lproj/AppearanceSettings.strings
2026-04-07 15:04:21 +0000  copying file ./Contents/Resources/be.lproj/StorageSettings.strings ... 
2026-04-07 15:04:21 +0000  1078 bytes for ./Contents/Resources/be.lproj/StorageSettings.strings
2026-04-07 15:04:21 +0000  copying file ./Contents/Resources/ckb.lproj/GeneralSettings.strings ... 
2026-04-07 15:04:21 +0000  2362 bytes for ./Contents/Resources/ckb.lproj/GeneralSettings.strings
2026-04-07 15:04:21 +0000  copying file ./Contents/Resources/ckb.lproj/AdvancedSettings.strings ... 
2026-04-07 15:04:21 +0000  1944 bytes for ./Contents/Resources/ckb.lproj/AdvancedSettings.strings
2026-04-07 15:04:21 +0000  copying file ./Contents/Resources/ckb.lproj/PinsSettings.strings ... 
2026-04-07 15:04:21 +0000  932 bytes for ./Contents/Resources/ckb.lproj/PinsSettings.strings
2026-04-07 15:04:21 +0000  copying file ./Contents/Resources/ckb.lproj/Localizable.strings ... 
2026-04-07 15:04:21 +0000  3564 bytes for ./Contents/Resources/ckb.lproj/Localizable.strings
2026-04-07 15:04:21 +0000  copying file ./Contents/Resources/ckb.lproj/IgnoreSettings.strings ... 
2026-04-07 15:04:21 +0000  1738 bytes for ./Contents/Resources/ckb.lproj/IgnoreSettings.strings
2026-04-07 15:04:21 +0000  copying file ./Contents/Resources/ckb.lproj/PreviewItemView.strings ... 
2026-04-07 15:04:21 +0000  524 bytes for ./Contents/Resources/ckb.lproj/PreviewItemView.strings
2026-04-07 15:04:21 +0000  copying file ./Contents/Resources/ckb.lproj/AppearanceSettings.strings ... 
2026-04-07 15:04:21 +0000  3638 bytes for ./Contents/Resources/ckb.lproj/AppearanceSettings.strings
2026-04-07 15:04:21 +0000  copying file ./Contents/Resources/ckb.lproj/StorageSettings.strings ... 
2026-04-07 15:04:21 +0000  1042 bytes for ./Contents/Resources/ckb.lproj/StorageSettings.strings
2026-04-07 15:04:21 +0000  copying file ./Contents/Resources/cs.lproj/GeneralSettings.strings ... 
2026-04-07 15:04:21 +0000  2288 bytes for ./Contents/Resources/cs.lproj/GeneralSettings.strings
2026-04-07 15:04:21 +0000  copying file ./Contents/Resources/cs.lproj/AdvancedSettings.strings ... 
2026-04-07 15:04:21 +0000  1834 bytes for ./Contents/Resources/cs.lproj/AdvancedSettings.strings
2026-04-07 15:04:21 +0000  copying file ./Contents/Resources/cs.lproj/PinsSettings.strings ... 
2026-04-07 15:04:21 +0000  926 bytes for ./Contents/Resources/cs.lproj/PinsSettings.strings
2026-04-07 15:04:21 +0000  copying file ./Contents/Resources/cs.lproj/Localizable.strings ... 
2026-04-07 15:04:21 +0000  3224 bytes for ./Contents/Resources/cs.lproj/Localizable.strings
2026-04-07 15:04:21 +0000  copying file ./Contents/Resources/cs.lproj/IgnoreSettings.strings ... 
2026-04-07 15:04:21 +0000  1572 bytes for ./Contents/Resources/cs.lproj/IgnoreSettings.strings
2026-04-07 15:04:21 +0000  copying file ./Contents/Resources/cs.lproj/PreviewItemView.strings ... 
2026-04-07 15:04:21 +0000  532 bytes for ./Contents/Resources/cs.lproj/PreviewItemView.strings
2026-04-07 15:04:21 +0000  copying file ./Contents/Resources/cs.lproj/AppearanceSettings.strings ... 
2026-04-07 15:04:21 +0000  3566 bytes for ./Contents/Resources/cs.lproj/AppearanceSettings.strings
2026-04-07 15:04:21 +0000  copying file ./Contents/Resources/cs.lproj/StorageSettings.strings ... 
2026-04-07 15:04:21 +0000  1088 bytes for ./Contents/Resources/cs.lproj/StorageSettings.strings
2026-04-07 15:04:21 +0000  copying file ./Contents/Resources/AppIcon.icns ... 
2026-04-07 15:04:21 +0000  152429 bytes for ./Contents/Resources/AppIcon.icns
2026-04-07 15:04:21 +0000  copying file ./Contents/Resources/KeyboardShortcuts_KeyboardShortcuts.bundle/Contents/_CodeSignature/CodeResources ... 
2026-04-07 15:04:21 +0000  7803 bytes for ./Contents/Resources/KeyboardShortcuts_KeyboardShortcuts.bundle/Contents/_CodeSignature/CodeResources
2026-04-07 15:04:21 +0000  copying file ./Contents/Resources/KeyboardShortcuts_KeyboardShortcuts.bundle/Contents/_CodeSignature/CodeDirectory ... 
2026-04-07 15:04:21 +0000  212 bytes for ./Contents/Resources/KeyboardShortcuts_KeyboardShortcuts.bundle/Contents/_CodeSignature/CodeDirectory
2026-04-07 15:04:21 +0000  copying file ./Contents/Resources/KeyboardShortcuts_KeyboardShortcuts.bundle/Contents/_CodeSignature/CodeSignature ... 
2026-04-07 15:04:21 +0000  9047 bytes for ./Contents/Resources/KeyboardShortcuts_KeyboardShortcuts.bundle/Contents/_CodeSignature/CodeSignature
2026-04-07 15:04:21 +0000  copying file ./Contents/Resources/KeyboardShortcuts_KeyboardShortcuts.bundle/Contents/_CodeSignature/CodeRequirements ... 
2026-04-07 15:04:21 +0000  212 bytes for ./Contents/Resources/KeyboardShortcuts_KeyboardShortcuts.bundle/Contents/_CodeSignature/CodeRequirements
2026-04-07 15:04:21 +0000  copying file ./Contents/Resources/KeyboardShortcuts_KeyboardShortcuts.bundle/Contents/Resources/de.lproj/Localizable.strings ... 
2026-04-07 15:04:21 +0000  584 bytes for ./Contents/Resources/KeyboardShortcuts_KeyboardShortcuts.bundle/Contents/Resources/de.lproj/Localizable.strings
2026-04-07 15:04:21 +0000  copying file ./Contents/Resources/KeyboardShortcuts_KeyboardShortcuts.bundle/Contents/Resources/ar.lproj/Localizable.strings ... 
2026-04-07 15:04:21 +0000  756 bytes for ./Contents/Resources/KeyboardShortcuts_KeyboardShortcuts.bundle/Contents/Resources/ar.lproj/Localizable.strings
2026-04-07 15:04:21 +0000  copying file ./Contents/Resources/KeyboardShortcuts_KeyboardShortcuts.bundle/Contents/Resources/zh-Hans.lproj/Localizable.strings ... 
2026-04-07 15:04:21 +0000  531 bytes for ./Contents/Resources/KeyboardShortcuts_KeyboardShortcuts.bundle/Contents/Resources/zh-Hans.lproj/Localizable.strings
2026-04-07 15:04:21 +0000  copying file ./Contents/Resources/KeyboardShortcuts_KeyboardShortcuts.bundle/Contents/Resources/ja.lproj/Localizable.strings ... 
2026-04-07 15:04:21 +0000  652 bytes for ./Contents/Resources/KeyboardShortcuts_KeyboardShortcuts.bundle/Contents/Resources/ja.lproj/Localizable.strings
2026-04-07 15:04:21 +0000  copying file ./Contents/Resources/KeyboardShortcuts_KeyboardShortcuts.bundle/Contents/Resources/zh-TW.lproj/Localizable.strings ... 
2026-04-07 15:04:21 +0000  506 bytes for ./Contents/Resources/KeyboardShortcuts_KeyboardShortcuts.bundle/Contents/Resources/zh-TW.lproj/Localizable.strings
2026-04-07 15:04:21 +0000  copying file ./Contents/Resources/KeyboardShortcuts_KeyboardShortcuts.bundle/Contents/Resources/en.lproj/Localizable.strings ... 
2026-04-07 15:04:21 +0000  563 bytes for ./Contents/Resources/KeyboardShortcuts_KeyboardShortcuts.bundle/Contents/Resources/en.lproj/Localizable.strings
2026-04-07 15:04:21 +0000  copying file ./Contents/Resources/KeyboardShortcuts_KeyboardShortcuts.bundle/Contents/Resources/es.lproj/Localizable.strings ... 
2026-04-07 15:04:21 +0000  608 bytes for ./Contents/Resources/KeyboardShortcuts_KeyboardShortcuts.bundle/Contents/Resources/es.lproj/Localizable.strings
2026-04-07 15:04:21 +0000  copying file ./Contents/Resources/KeyboardShortcuts_KeyboardShortcuts.bundle/Contents/Resources/sk.lproj/Localizable.strings ... 
2026-04-07 15:04:21 +0000  612 bytes for ./Contents/Resources/KeyboardShortcuts_KeyboardShortcuts.bundle/Contents/Resources/sk.lproj/Localizable.strings
2026-04-07 15:04:21 +0000  copying file ./Contents/Resources/KeyboardShortcuts_KeyboardShortcuts.bundle/Contents/Resources/cs.lproj/Localizable.strings ... 
2026-04-07 15:04:21 +0000  500 bytes for ./Contents/Resources/KeyboardShortcuts_KeyboardShortcuts.bundle/Contents/Resources/cs.lproj/Localizable.strings
2026-04-07 15:04:21 +0000  copying file ./Contents/Resources/KeyboardShortcuts_KeyboardShortcuts.bundle/Contents/Resources/ko.lproj/Localizable.strings ... 
2026-04-07 15:04:21 +0000  602 bytes for ./Contents/Resources/KeyboardShortcuts_KeyboardShortcuts.bundle/Contents/Resources/ko.lproj/Localizable.strings
2026-04-07 15:04:21 +0000  copying file ./Contents/Resources/KeyboardShortcuts_KeyboardShortcuts.bundle/Contents/Resources/hu.lproj/Localizable.strings ... 
2026-04-07 15:04:21 +0000  599 bytes for ./Contents/Resources/KeyboardShortcuts_KeyboardShortcuts.bundle/Contents/Resources/hu.lproj/Localizable.strings
2026-04-07 15:04:21 +0000  copying file ./Contents/Resources/KeyboardShortcuts_KeyboardShortcuts.bundle/Contents/Resources/pt-BR.lproj/Localizable.strings ... 
2026-04-07 15:04:21 +0000  520 bytes for ./Contents/Resources/KeyboardShortcuts_KeyboardShortcuts.bundle/Contents/Resources/pt-BR.lproj/Localizable.strings
2026-04-07 15:04:21 +0000  copying file ./Contents/Resources/KeyboardShortcuts_KeyboardShortcuts.bundle/Contents/Resources/ru.lproj/Localizable.strings ... 
2026-04-07 15:04:21 +0000  759 bytes for ./Contents/Resources/KeyboardShortcuts_KeyboardShortcuts.bundle/Contents/Resources/ru.lproj/Localizable.strings
2026-04-07 15:04:21 +0000  copying file ./Contents/Resources/KeyboardShortcuts_KeyboardShortcuts.bundle/Contents/Resources/fr.lproj/Localizable.strings ... 
2026-04-07 15:04:21 +0000  601 bytes for ./Contents/Resources/KeyboardShortcuts_KeyboardShortcuts.bundle/Contents/Resources/fr.lproj/Localizable.strings
2026-04-07 15:04:21 +0000  copying file ./Contents/Resources/KeyboardShortcuts_KeyboardShortcuts.bundle/Contents/Resources/nl.lproj/Localizable.strings ... 
2026-04-07 15:04:21 +0000  580 bytes for ./Contents/Resources/KeyboardShortcuts_KeyboardShortcuts.bundle/Contents/Resources/nl.lproj/Localizable.strings
2026-04-07 15:04:21 +0000  copying file ./Contents/Resources/KeyboardShortcuts_KeyboardShortcuts.bundle/Contents/Info.plist ... 
2026-04-07 15:04:21 +0000  1143 bytes for ./Contents/Resources/KeyboardShortcuts_KeyboardShortcuts.bundle/Contents/Info.plist
2026-04-07 15:04:21 +0000  copying file ./Contents/Resources/ko.lproj/GeneralSettings.strings ... 
2026-04-07 15:04:21 +0000  2866 bytes for ./Contents/Resources/ko.lproj/GeneralSettings.strings
2026-04-07 15:04:21 +0000  copying file ./Contents/Resources/ko.lproj/AdvancedSettings.strings ... 
2026-04-07 15:04:21 +0000  1384 bytes for ./Contents/Resources/ko.lproj/AdvancedSettings.strings
2026-04-07 15:04:21 +0000  copying file ./Contents/Resources/ko.lproj/PinsSettings.strings ... 
2026-04-07 15:04:21 +0000  636 bytes for ./Contents/Resources/ko.lproj/PinsSettings.strings
2026-04-07 15:04:21 +0000  copying file ./Contents/Resources/ko.lproj/Localizable.strings ... 
2026-04-07 15:04:21 +0000  2880 bytes for ./Contents/Resources/ko.lproj/Localizable.strings
2026-04-07 15:04:21 +0000  copying file ./Contents/Resources/ko.lproj/IgnoreSettings.strings ... 
2026-04-07 15:04:21 +0000  1052 bytes for ./Contents/Resources/ko.lproj/IgnoreSettings.strings
2026-04-07 15:04:21 +0000  copying file ./Contents/Resources/ko.lproj/PreviewItemView.strings ... 
2026-04-07 15:04:21 +0000  396 bytes for ./Contents/Resources/ko.lproj/PreviewItemView.strings
2026-04-07 15:04:21 +0000  copying file ./Contents/Resources/ko.lproj/AppearanceSettings.strings ... 
2026-04-07 15:04:21 +0000  2716 bytes for ./Contents/Resources/ko.lproj/AppearanceSettings.strings
2026-04-07 15:04:21 +0000  copying file ./Contents/Resources/ko.lproj/StorageSettings.strings ... 
2026-04-07 15:04:21 +0000  754 bytes for ./Contents/Resources/ko.lproj/StorageSettings.strings
2026-04-07 15:04:21 +0000  copying file ./Contents/Resources/zh-Hant.lproj/GeneralSettings.strings ... 
2026-04-07 15:04:21 +0000  1270 bytes for ./Contents/Resources/zh-Hant.lproj/GeneralSettings.strings
2026-04-07 15:04:21 +0000  copying file ./Contents/Resources/zh-Hant.lproj/AdvancedSettings.strings ... 
2026-04-07 15:04:21 +0000  1266 bytes for ./Contents/Resources/zh-Hant.lproj/AdvancedSettings.strings
2026-04-07 15:04:21 +0000  copying file ./Contents/Resources/zh-Hant.lproj/PinsSettings.strings ... 
2026-04-07 15:04:21 +0000  450 bytes for ./Contents/Resources/zh-Hant.lproj/PinsSettings.strings
2026-04-07 15:04:21 +0000  copying file ./Contents/Resources/zh-Hant.lproj/Localizable.strings ... 
2026-04-07 15:04:21 +0000  2158 bytes for ./Contents/Resources/zh-Hant.lproj/Localizable.strings
2026-04-07 15:04:21 +0000  copying file ./Contents/Resources/zh-Hant.lproj/IgnoreSettings.strings ... 
2026-04-07 15:04:21 +0000  832 bytes for ./Contents/Resources/zh-Hant.lproj/IgnoreSettings.strings
2026-04-07 15:04:21 +0000  copying file ./Contents/Resources/zh-Hant.lproj/PreviewItemView.strings ... 
2026-04-07 15:04:21 +0000  352 bytes for ./Contents/Resources/zh-Hant.lproj/PreviewItemView.strings
2026-04-07 15:04:21 +0000  copying file ./Contents/Resources/zh-Hant.lproj/AppearanceSettings.strings ... 
2026-04-07 15:04:21 +0000  2448 bytes for ./Contents/Resources/zh-Hant.lproj/AppearanceSettings.strings
2026-04-07 15:04:21 +0000  copying file ./Contents/Resources/zh-Hant.lproj/StorageSettings.strings ... 
2026-04-07 15:04:21 +0000  694 bytes for ./Contents/Resources/zh-Hant.lproj/StorageSettings.strings
2026-04-07 15:04:21 +0000  copying file ./Contents/Resources/README.md ... 
2026-04-07 15:04:21 +0000  2474 bytes for ./Contents/Resources/README.md
2026-04-07 15:04:21 +0000  copying file ./Contents/Resources/hu.lproj/GeneralSettings.strings ... 
2026-04-07 15:04:21 +0000  2732 bytes for ./Contents/Resources/hu.lproj/GeneralSettings.strings
2026-04-07 15:04:21 +0000  copying file ./Contents/Resources/hu.lproj/AdvancedSettings.strings ... 
2026-04-07 15:04:21 +0000  2024 bytes for ./Contents/Resources/hu.lproj/AdvancedSettings.strings
2026-04-07 15:04:21 +0000  copying file ./Contents/Resources/hu.lproj/PinsSettings.strings ... 
2026-04-07 15:04:21 +0000  920 bytes for ./Contents/Resources/hu.lproj/PinsSettings.strings
2026-04-07 15:04:21 +0000  copying file ./Contents/Resources/hu.lproj/Localizable.strings ... 
2026-04-07 15:04:21 +0000  3514 bytes for ./Contents/Resources/hu.lproj/Localizable.strings
2026-04-07 15:04:21 +0000  copying file ./Contents/Resources/hu.lproj/IgnoreSettings.strings ... 
2026-04-07 15:04:21 +0000  1782 bytes for ./Contents/Resources/hu.lproj/IgnoreSettings.strings
2026-04-07 15:04:21 +0000  copying file ./Contents/Resources/hu.lproj/PreviewItemView.strings ... 
2026-04-07 15:04:21 +0000  600 bytes for ./Contents/Resources/hu.lproj/PreviewItemView.strings
2026-04-07 15:04:21 +0000  copying file ./Contents/Resources/hu.lproj/AppearanceSettings.strings ... 
2026-04-07 15:04:21 +0000  3924 bytes for ./Contents/Resources/hu.lproj/AppearanceSettings.strings
2026-04-07 15:04:21 +0000  copying file ./Contents/Resources/hu.lproj/StorageSettings.strings ... 
2026-04-07 15:04:21 +0000  1060 bytes for ./Contents/Resources/hu.lproj/StorageSettings.strings
2026-04-07 15:04:21 +0000  copying file ./Contents/Resources/Assets.car ... 
2026-04-07 15:04:21 +0000  3699064 bytes for ./Contents/Resources/Assets.car
2026-04-07 15:04:21 +0000  copying file ./Contents/Resources/tr.lproj/GeneralSettings.strings ... 
2026-04-07 15:04:21 +0000  2420 bytes for ./Contents/Resources/tr.lproj/GeneralSettings.strings
2026-04-07 15:04:21 +0000  copying file ./Contents/Resources/tr.lproj/AdvancedSettings.strings ... 
2026-04-07 15:04:21 +0000  1964 bytes for ./Contents/Resources/tr.lproj/AdvancedSettings.strings
2026-04-07 15:04:21 +0000  copying file ./Contents/Resources/tr.lproj/PinsSettings.strings ... 
2026-04-07 15:04:21 +0000  930 bytes for ./Contents/Resources/tr.lproj/PinsSettings.strings
2026-04-07 15:04:21 +0000  copying file ./Contents/Resources/tr.lproj/Localizable.strings ... 
2026-04-07 15:04:21 +0000  3290 bytes for ./Contents/Resources/tr.lproj/Localizable.strings
2026-04-07 15:04:21 +0000  copying file ./Contents/Resources/tr.lproj/IgnoreSettings.strings ... 
2026-04-07 15:04:21 +0000  1710 bytes for ./Contents/Resources/tr.lproj/IgnoreSettings.strings
2026-04-07 15:04:21 +0000  copying file ./Contents/Resources/tr.lproj/PreviewItemView.strings ... 
2026-04-07 15:04:21 +0000  514 bytes for ./Contents/Resources/tr.lproj/PreviewItemView.strings
2026-04-07 15:04:21 +0000  copying file ./Contents/Resources/tr.lproj/AppearanceSettings.strings ... 
2026-04-07 15:04:21 +0000  3738 bytes for ./Contents/Resources/tr.lproj/AppearanceSettings.strings
2026-04-07 15:04:21 +0000  copying file ./Contents/Resources/tr.lproj/StorageSettings.strings ... 
2026-04-07 15:04:21 +0000  1060 bytes for ./Contents/Resources/tr.lproj/StorageSettings.strings
2026-04-07 15:04:21 +0000  copying file ./Contents/Resources/pl.lproj/GeneralSettings.strings ... 
2026-04-07 15:04:21 +0000  2464 bytes for ./Contents/Resources/pl.lproj/GeneralSettings.strings
2026-04-07 15:04:21 +0000  copying file ./Contents/Resources/pl.lproj/AdvancedSettings.strings ... 
2026-04-07 15:04:21 +0000  2080 bytes for ./Contents/Resources/pl.lproj/AdvancedSettings.strings
2026-04-07 15:04:21 +0000  copying file ./Contents/Resources/pl.lproj/PinsSettings.strings ... 
2026-04-07 15:04:21 +0000  920 bytes for ./Contents/Resources/pl.lproj/PinsSettings.strings
2026-04-07 15:04:21 +0000  copying file ./Contents/Resources/pl.lproj/Localizable.strings ... 
2026-04-07 15:04:21 +0000  3162 bytes for ./Contents/Resources/pl.lproj/Localizable.strings
2026-04-07 15:04:21 +0000  copying file ./Contents/Resources/pl.lproj/IgnoreSettings.strings ... 
2026-04-07 15:04:21 +0000  1604 bytes for ./Contents/Resources/pl.lproj/IgnoreSettings.strings
2026-04-07 15:04:21 +0000  copying file ./Contents/Resources/pl.lproj/PreviewItemView.strings ... 
2026-04-07 15:04:21 +0000  490 bytes for ./Contents/Resources/pl.lproj/PreviewItemView.strings
2026-04-07 15:04:21 +0000  copying file ./Contents/Resources/pl.lproj/AppearanceSettings.strings ... 
2026-04-07 15:04:21 +0000  3842 bytes for ./Contents/Resources/pl.lproj/AppearanceSettings.strings
2026-04-07 15:04:21 +0000  copying file ./Contents/Resources/pl.lproj/StorageSettings.strings ... 
2026-04-07 15:04:21 +0000  1106 bytes for ./Contents/Resources/pl.lproj/StorageSettings.strings
2026-04-07 15:04:21 +0000  copying file ./Contents/Resources/Write.caf ... 
2026-04-07 15:04:21 +0000  147397 bytes for ./Contents/Resources/Write.caf
2026-04-07 15:04:21 +0000  copying file ./Contents/Resources/pt-BR.lproj/GeneralSettings.strings ... 
2026-04-07 15:04:21 +0000  2350 bytes for ./Contents/Resources/pt-BR.lproj/GeneralSettings.strings
2026-04-07 15:04:21 +0000  copying file ./Contents/Resources/pt-BR.lproj/AdvancedSettings.strings ... 
2026-04-07 15:04:21 +0000  1984 bytes for ./Contents/Resources/pt-BR.lproj/AdvancedSettings.strings
2026-04-07 15:04:21 +0000  copying file ./Contents/Resources/pt-BR.lproj/PinsSettings.strings ... 
2026-04-07 15:04:21 +0000  924 bytes for ./Contents/Resources/pt-BR.lproj/PinsSettings.strings
2026-04-07 15:04:21 +0000  copying file ./Contents/Resources/pt-BR.lproj/Localizable.strings ... 
2026-04-07 15:04:21 +0000  3272 bytes for ./Contents/Resources/pt-BR.lproj/Localizable.strings
2026-04-07 15:04:21 +0000  copying file ./Contents/Resources/pt-BR.lproj/IgnoreSettings.strings ... 
2026-04-07 15:04:21 +0000  1748 bytes for ./Contents/Resources/pt-BR.lproj/IgnoreSettings.strings
2026-04-07 15:04:21 +0000  copying file ./Contents/Resources/pt-BR.lproj/PreviewItemView.strings ... 
2026-04-07 15:04:21 +0000  524 bytes for ./Contents/Resources/pt-BR.lproj/PreviewItemView.strings
2026-04-07 15:04:21 +0000  copying file ./Contents/Resources/pt-BR.lproj/AppearanceSettings.strings ... 
2026-04-07 15:04:21 +0000  3784 bytes for ./Contents/Resources/pt-BR.lproj/AppearanceSettings.strings
2026-04-07 15:04:21 +0000  copying file ./Contents/Resources/pt-BR.lproj/StorageSettings.strings ... 
2026-04-07 15:04:21 +0000  1086 bytes for ./Contents/Resources/pt-BR.lproj/StorageSettings.strings
2026-04-07 15:04:21 +0000  copying file ./Contents/Resources/vi.lproj/GeneralSettings.strings ... 
2026-04-07 15:04:21 +0000  2090 bytes for ./Contents/Resources/vi.lproj/GeneralSettings.strings
2026-04-07 15:04:21 +0000  copying file ./Contents/Resources/vi.lproj/AdvancedSettings.strings ... 
2026-04-07 15:04:21 +0000  1914 bytes for ./Contents/Resources/vi.lproj/AdvancedSettings.strings
2026-04-07 15:04:21 +0000  copying file ./Contents/Resources/vi.lproj/PinsSettings.strings ... 
2026-04-07 15:04:21 +0000  916 bytes for ./Contents/Resources/vi.lproj/PinsSettings.strings
2026-04-07 15:04:21 +0000  copying file ./Contents/Resources/vi.lproj/Localizable.strings ... 
2026-04-07 15:04:21 +0000  3196 bytes for ./Contents/Resources/vi.lproj/Localizable.strings
2026-04-07 15:04:21 +0000  copying file ./Contents/Resources/vi.lproj/IgnoreSettings.strings ... 
2026-04-07 15:04:21 +0000  1766 bytes for ./Contents/Resources/vi.lproj/IgnoreSettings.strings
2026-04-07 15:04:21 +0000  copying file ./Contents/Resources/vi.lproj/PreviewItemView.strings ... 
2026-04-07 15:04:21 +0000  460 bytes for ./Contents/Resources/vi.lproj/PreviewItemView.strings
2026-04-07 15:04:21 +0000  copying file ./Contents/Resources/vi.lproj/AppearanceSettings.strings ... 
2026-04-07 15:04:21 +0000  3862 bytes for ./Contents/Resources/vi.lproj/AppearanceSettings.strings
2026-04-07 15:04:21 +0000  copying file ./Contents/Resources/vi.lproj/StorageSettings.strings ... 
2026-04-07 15:04:21 +0000  1046 bytes for ./Contents/Resources/vi.lproj/StorageSettings.strings
2026-04-07 15:04:21 +0000  copying file ./Contents/Resources/lv.lproj/GeneralSettings.strings ... 
2026-04-07 15:04:21 +0000  2508 bytes for ./Contents/Resources/lv.lproj/GeneralSettings.strings
2026-04-07 15:04:21 +0000  copying file ./Contents/Resources/lv.lproj/AdvancedSettings.strings ... 
2026-04-07 15:04:21 +0000  1988 bytes for ./Contents/Resources/lv.lproj/AdvancedSettings.strings
2026-04-07 15:04:21 +0000  copying file ./Contents/Resources/lv.lproj/PinsSettings.strings ... 
2026-04-07 15:04:21 +0000  950 bytes for ./Contents/Resources/lv.lproj/PinsSettings.strings
2026-04-07 15:04:21 +0000  copying file ./Contents/Resources/lv.lproj/Localizable.strings ... 
2026-04-07 15:04:21 +0000  3406 bytes for ./Contents/Resources/lv.lproj/Localizable.strings
2026-04-07 15:04:21 +0000  copying file ./Contents/Resources/lv.lproj/IgnoreSettings.strings ... 
2026-04-07 15:04:21 +0000  1698 bytes for ./Contents/Resources/lv.lproj/IgnoreSettings.strings
2026-04-07 15:04:21 +0000  copying file ./Contents/Resources/lv.lproj/PreviewItemView.strings ... 
2026-04-07 15:04:21 +0000  550 bytes for ./Contents/Resources/lv.lproj/PreviewItemView.strings
2026-04-07 15:04:21 +0000  copying file ./Contents/Resources/lv.lproj/AppearanceSettings.strings ... 
2026-04-07 15:04:21 +0000  3964 bytes for ./Contents/Resources/lv.lproj/AppearanceSettings.strings
2026-04-07 15:04:21 +0000  copying file ./Contents/Resources/lv.lproj/StorageSettings.strings ... 
2026-04-07 15:04:21 +0000  1080 bytes for ./Contents/Resources/lv.lproj/StorageSettings.strings
2026-04-07 15:04:21 +0000  copying file ./Contents/Resources/lt.lproj/GeneralSettings.strings ... 
2026-04-07 15:04:21 +0000  2702 bytes for ./Contents/Resources/lt.lproj/GeneralSettings.strings
2026-04-07 15:04:21 +0000  copying file ./Contents/Resources/lt.lproj/AdvancedSettings.strings ... 
2026-04-07 15:04:21 +0000  2000 bytes for ./Contents/Resources/lt.lproj/AdvancedSettings.strings
2026-04-07 15:04:21 +0000  copying file ./Contents/Resources/lt.lproj/PinsSettings.strings ... 
2026-04-07 15:04:21 +0000  1000 bytes for ./Contents/Resources/lt.lproj/PinsSettings.strings
2026-04-07 15:04:21 +0000  copying file ./Contents/Resources/lt.lproj/Localizable.strings ... 
2026-04-07 15:04:21 +0000  3510 bytes for ./Contents/Resources/lt.lproj/Localizable.strings
2026-04-07 15:04:21 +0000  copying file ./Contents/Resources/lt.lproj/IgnoreSettings.strings ... 
2026-04-07 15:04:21 +0000  1670 bytes for ./Contents/Resources/lt.lproj/IgnoreSettings.strings
2026-04-07 15:04:21 +0000  copying file ./Contents/Resources/lt.lproj/PreviewItemView.strings ... 
2026-04-07 15:04:21 +0000  570 bytes for ./Contents/Resources/lt.lproj/PreviewItemView.strings
2026-04-07 15:04:21 +0000  copying file ./Contents/Resources/lt.lproj/AppearanceSettings.strings ... 
2026-04-07 15:04:21 +0000  4112 bytes for ./Contents/Resources/lt.lproj/AppearanceSettings.strings
2026-04-07 15:04:21 +0000  copying file ./Contents/Resources/lt.lproj/StorageSettings.strings ... 
2026-04-07 15:04:21 +0000  1190 bytes for ./Contents/Resources/lt.lproj/StorageSettings.strings
2026-04-07 15:04:21 +0000  copying file ./Contents/Resources/ru.lproj/GeneralSettings.strings ... 
2026-04-07 15:04:21 +0000  2470 bytes for ./Contents/Resources/ru.lproj/GeneralSettings.strings
2026-04-07 15:04:21 +0000  copying file ./Contents/Resources/ru.lproj/AdvancedSettings.strings ... 
2026-04-07 15:04:21 +0000  2010 bytes for ./Contents/Resources/ru.lproj/AdvancedSettings.strings
2026-04-07 15:04:21 +0000  copying file ./Contents/Resources/ru.lproj/PinsSettings.strings ... 
2026-04-07 15:04:21 +0000  1012 bytes for ./Contents/Resources/ru.lproj/PinsSettings.strings
2026-04-07 15:04:21 +0000  copying file ./Contents/Resources/ru.lproj/Localizable.strings ... 
2026-04-07 15:04:21 +0000  3438 bytes for ./Contents/Resources/ru.lproj/Localizable.strings
2026-04-07 15:04:21 +0000  copying file ./Contents/Resources/ru.lproj/IgnoreSettings.strings ... 
2026-04-07 15:04:21 +0000  1690 bytes for ./Contents/Resources/ru.lproj/IgnoreSettings.strings
2026-04-07 15:04:21 +0000  copying file ./Contents/Resources/ru.lproj/PreviewItemView.strings ... 
2026-04-07 15:04:21 +0000  580 bytes for ./Contents/Resources/ru.lproj/PreviewItemView.strings
2026-04-07 15:04:21 +0000  copying file ./Contents/Resources/ru.lproj/AppearanceSettings.strings ... 
2026-04-07 15:04:21 +0000  3984 bytes for ./Contents/Resources/ru.lproj/AppearanceSettings.strings
2026-04-07 15:04:21 +0000  copying file ./Contents/Resources/ru.lproj/StorageSettings.strings ... 
2026-04-07 15:04:21 +0000  1100 bytes for ./Contents/Resources/ru.lproj/StorageSettings.strings
2026-04-07 15:04:21 +0000  copying file ./Contents/Resources/appcast.xml ... 
2026-04-07 15:04:21 +0000  13400 bytes for ./Contents/Resources/appcast.xml
2026-04-07 15:04:21 +0000  copying file ./Contents/Resources/uz.lproj/GeneralSettings.strings ... 
2026-04-07 15:04:21 +0000  2598 bytes for ./Contents/Resources/uz.lproj/GeneralSettings.strings
2026-04-07 15:04:21 +0000  copying file ./Contents/Resources/uz.lproj/AdvancedSettings.strings ... 
2026-04-07 15:04:21 +0000  2110 bytes for ./Contents/Resources/uz.lproj/AdvancedSettings.strings
2026-04-07 15:04:21 +0000  copying file ./Contents/Resources/uz.lproj/PinsSettings.strings ... 
2026-04-07 15:04:21 +0000  974 bytes for ./Contents/Resources/uz.lproj/PinsSettings.strings
2026-04-07 15:04:21 +0000  copying file ./Contents/Resources/uz.lproj/Localizable.strings ... 
2026-04-07 15:04:21 +0000  3444 bytes for ./Contents/Resources/uz.lproj/Localizable.strings
2026-04-07 15:04:21 +0000  copying file ./Contents/Resources/uz.lproj/IgnoreSettings.strings ... 
2026-04-07 15:04:21 +0000  1852 bytes for ./Contents/Resources/uz.lproj/IgnoreSettings.strings
2026-04-07 15:04:21 +0000  copying file ./Contents/Resources/uz.lproj/PreviewItemView.strings ... 
2026-04-07 15:04:21 +0000  580 bytes for ./Contents/Resources/uz.lproj/PreviewItemView.strings
2026-04-07 15:04:21 +0000  copying file ./Contents/Resources/uz.lproj/AppearanceSettings.strings ... 
2026-04-07 15:04:21 +0000  4092 bytes for ./Contents/Resources/uz.lproj/AppearanceSettings.strings
2026-04-07 15:04:21 +0000  copying file ./Contents/Resources/uz.lproj/StorageSettings.strings ... 
2026-04-07 15:04:21 +0000  1098 bytes for ./Contents/Resources/uz.lproj/StorageSettings.strings
2026-04-07 15:04:21 +0000  copying file ./Contents/Resources/Settings_Settings.bundle/Contents/_CodeSignature/CodeResources ... 
2026-04-07 15:04:21 +0000  16743 bytes for ./Contents/Resources/Settings_Settings.bundle/Contents/_CodeSignature/CodeResources
2026-04-07 15:04:21 +0000  copying file ./Contents/Resources/Settings_Settings.bundle/Contents/_CodeSignature/CodeDirectory ... 
2026-04-07 15:04:21 +0000  212 bytes for ./Contents/Resources/Settings_Settings.bundle/Contents/_CodeSignature/CodeDirectory
2026-04-07 15:04:21 +0000  copying file ./Contents/Resources/Settings_Settings.bundle/Contents/_CodeSignature/CodeSignature ... 
2026-04-07 15:04:21 +0000  9047 bytes for ./Contents/Resources/Settings_Settings.bundle/Contents/_CodeSignature/CodeSignature
2026-04-07 15:04:21 +0000  copying file ./Contents/Resources/Settings_Settings.bundle/Contents/_CodeSignature/CodeRequirements ... 
2026-04-07 15:04:21 +0000  212 bytes for ./Contents/Resources/Settings_Settings.bundle/Contents/_CodeSignature/CodeRequirements
2026-04-07 15:04:21 +0000  copying file ./Contents/Resources/Settings_Settings.bundle/Contents/Resources/de.lproj/Localizable.strings ... 
2026-04-07 15:04:21 +0000  596 bytes for ./Contents/Resources/Settings_Settings.bundle/Contents/Resources/de.lproj/Localizable.strings
2026-04-07 15:04:21 +0000  copying file ./Contents/Resources/Settings_Settings.bundle/Contents/Resources/he.lproj/Localizable.strings ... 
2026-04-07 15:04:21 +0000  568 bytes for ./Contents/Resources/Settings_Settings.bundle/Contents/Resources/he.lproj/Localizable.strings
2026-04-07 15:04:21 +0000  copying file ./Contents/Resources/Settings_Settings.bundle/Contents/Resources/ar.lproj/Localizable.strings ... 
2026-04-07 15:04:21 +0000  576 bytes for ./Contents/Resources/Settings_Settings.bundle/Contents/Resources/ar.lproj/Localizable.strings
2026-04-07 15:04:21 +0000  copying file ./Contents/Resources/Settings_Settings.bundle/Contents/Resources/el.lproj/Localizable.strings ... 
2026-04-07 15:04:21 +0000  584 bytes for ./Contents/Resources/Settings_Settings.bundle/Contents/Resources/el.lproj/Localizable.strings
2026-04-07 15:04:21 +0000  copying file ./Contents/Resources/Settings_Settings.bundle/Contents/Resources/zh-Hans.lproj/Localizable.strings ... 
2026-04-07 15:04:21 +0000  556 bytes for ./Contents/Resources/Settings_Settings.bundle/Contents/Resources/zh-Hans.lproj/Localizable.strings
2026-04-07 15:04:21 +0000  copying file ./Contents/Resources/Settings_Settings.bundle/Contents/Resources/ja.lproj/Localizable.strings ... 
2026-04-07 15:04:21 +0000  556 bytes for ./Contents/Resources/Settings_Settings.bundle/Contents/Resources/ja.lproj/Localizable.strings
2026-04-07 15:04:21 +0000  copying file ./Contents/Resources/Settings_Settings.bundle/Contents/Resources/en.lproj/Localizable.strings ... 
2026-04-07 15:04:21 +0000  582 bytes for ./Contents/Resources/Settings_Settings.bundle/Contents/Resources/en.lproj/Localizable.strings
2026-04-07 15:04:21 +0000  copying file ./Contents/Resources/Settings_Settings.bundle/Contents/Resources/uk.lproj/Localizable.strings ... 
2026-04-07 15:04:21 +0000  580 bytes for ./Contents/Resources/Settings_Settings.bundle/Contents/Resources/uk.lproj/Localizable.strings
2026-04-07 15:04:21 +0000  copying file ./Contents/Resources/Settings_Settings.bundle/Contents/Resources/zh-HK.lproj/Localizable.strings ... 
2026-04-07 15:04:21 +0000  556 bytes for ./Contents/Resources/Settings_Settings.bundle/Contents/Resources/zh-HK.lproj/Localizable.strings
2026-04-07 15:04:21 +0000  copying file ./Contents/Resources/Settings_Settings.bundle/Contents/Resources/nb.lproj/Localizable.strings ... 
2026-04-07 15:04:21 +0000  578 bytes for ./Contents/Resources/Settings_Settings.bundle/Contents/Resources/nb.lproj/Localizable.strings
2026-04-07 15:04:21 +0000  copying file ./Contents/Resources/Settings_Settings.bundle/Contents/Resources/en-GB.lproj/Localizable.strings ... 
2026-04-07 15:04:21 +0000  582 bytes for ./Contents/Resources/Settings_Settings.bundle/Contents/Resources/en-GB.lproj/Localizable.strings
2026-04-07 15:04:21 +0000  copying file ./Contents/Resources/Settings_Settings.bundle/Contents/Resources/es.lproj/Localizable.strings ... 
2026-04-07 15:04:21 +0000  582 bytes for ./Contents/Resources/Settings_Settings.bundle/Contents/Resources/es.lproj/Localizable.strings
2026-04-07 15:04:21 +0000  copying file ./Contents/Resources/Settings_Settings.bundle/Contents/Resources/da.lproj/Localizable.strings ... 
2026-04-07 15:04:21 +0000  596 bytes for ./Contents/Resources/Settings_Settings.bundle/Contents/Resources/da.lproj/Localizable.strings
2026-04-07 15:04:21 +0000  copying file ./Contents/Resources/Settings_Settings.bundle/Contents/Resources/es-419.lproj/Localizable.strings ... 
2026-04-07 15:04:21 +0000  582 bytes for ./Contents/Resources/Settings_Settings.bundle/Contents/Resources/es-419.lproj/Localizable.strings
2026-04-07 15:04:21 +0000  copying file ./Contents/Resources/Settings_Settings.bundle/Contents/Resources/it.lproj/Localizable.strings ... 
2026-04-07 15:04:21 +0000  588 bytes for ./Contents/Resources/Settings_Settings.bundle/Contents/Resources/it.lproj/Localizable.strings
2026-04-07 15:04:21 +0000  copying file ./Contents/Resources/Settings_Settings.bundle/Contents/Resources/sk.lproj/Localizable.strings ... 
2026-04-07 15:04:21 +0000  584 bytes for ./Contents/Resources/Settings_Settings.bundle/Contents/Resources/sk.lproj/Localizable.strings
2026-04-07 15:04:21 +0000  copying file ./Contents/Resources/Settings_Settings.bundle/Contents/Resources/fr-CA.lproj/Localizable.strings ... 
2026-04-07 15:04:21 +0000  582 bytes for ./Contents/Resources/Settings_Settings.bundle/Contents/Resources/fr-CA.lproj/Localizable.strings
2026-04-07 15:04:21 +0000  copying file ./Contents/Resources/Settings_Settings.bundle/Contents/Resources/ms.lproj/Localizable.strings ... 
2026-04-07 15:04:21 +0000  576 bytes for ./Contents/Resources/Settings_Settings.bundle/Contents/Resources/ms.lproj/Localizable.strings
2026-04-07 15:04:21 +0000  copying file ./Contents/Resources/Settings_Settings.bundle/Contents/Resources/sv.lproj/Localizable.strings ... 
2026-04-07 15:04:21 +0000  596 bytes for ./Contents/Resources/Settings_Settings.bundle/Contents/Resources/sv.lproj/Localizable.strings
2026-04-07 15:04:21 +0000  copying file ./Contents/Resources/Settings_Settings.bundle/Contents/Resources/cs.lproj/Localizable.strings ... 
2026-04-07 15:04:21 +0000  580 bytes for ./Contents/Resources/Settings_Settings.bundle/Contents/Resources/cs.lproj/Localizable.strings
2026-04-07 15:04:21 +0000  copying file ./Contents/Resources/Settings_Settings.bundle/Contents/Resources/ko.lproj/Localizable.strings ... 
2026-04-07 15:04:21 +0000  556 bytes for ./Contents/Resources/Settings_Settings.bundle/Contents/Resources/ko.lproj/Localizable.strings
2026-04-07 15:04:21 +0000  copying file ./Contents/Resources/Settings_Settings.bundle/Contents/Resources/zh-Hant.lproj/Localizable.strings ... 
2026-04-07 15:04:21 +0000  556 bytes for ./Contents/Resources/Settings_Settings.bundle/Contents/Resources/zh-Hant.lproj/Localizable.strings
2026-04-07 15:04:21 +0000  copying file ./Contents/Resources/Settings_Settings.bundle/Contents/Resources/hu.lproj/Localizable.strings ... 
2026-04-07 15:04:21 +0000  588 bytes for ./Contents/Resources/Settings_Settings.bundle/Contents/Resources/hu.lproj/Localizable.strings
2026-04-07 15:04:21 +0000  copying file ./Contents/Resources/Settings_Settings.bundle/Contents/Resources/en-AU.lproj/Localizable.strings ... 
2026-04-07 15:04:21 +0000  582 bytes for ./Contents/Resources/Settings_Settings.bundle/Contents/Resources/en-AU.lproj/Localizable.strings
2026-04-07 15:04:21 +0000  copying file ./Contents/Resources/Settings_Settings.bundle/Contents/Resources/tr.lproj/Localizable.strings ... 
2026-04-07 15:04:21 +0000  576 bytes for ./Contents/Resources/Settings_Settings.bundle/Contents/Resources/tr.lproj/Localizable.strings
2026-04-07 15:04:21 +0000  copying file ./Contents/Resources/Settings_Settings.bundle/Contents/Resources/pl.lproj/Localizable.strings ... 
2026-04-07 15:04:21 +0000  586 bytes for ./Contents/Resources/Settings_Settings.bundle/Contents/Resources/pl.lproj/Localizable.strings
2026-04-07 15:04:21 +0000  copying file ./Contents/Resources/Settings_Settings.bundle/Contents/Resources/vi.lproj/Localizable.strings ... 
2026-04-07 15:04:21 +0000  574 bytes for ./Contents/Resources/Settings_Settings.bundle/Contents/Resources/vi.lproj/Localizable.strings
2026-04-07 15:04:21 +0000  copying file ./Contents/Resources/Settings_Settings.bundle/Contents/Resources/ru.lproj/Localizable.strings ... 
2026-04-07 15:04:21 +0000  580 bytes for ./Contents/Resources/Settings_Settings.bundle/Contents/Resources/ru.lproj/Localizable.strings
2026-04-07 15:04:21 +0000  copying file ./Contents/Resources/Settings_Settings.bundle/Contents/Resources/fr.lproj/Localizable.strings ... 
2026-04-07 15:04:21 +0000  582 bytes for ./Contents/Resources/Settings_Settings.bundle/Contents/Resources/fr.lproj/Localizable.strings
2026-04-07 15:04:21 +0000  copying file ./Contents/Resources/Settings_Settings.bundle/Contents/Resources/fi.lproj/Localizable.strings ... 
2026-04-07 15:04:21 +0000  580 bytes for ./Contents/Resources/Settings_Settings.bundle/Contents/Resources/fi.lproj/Localizable.strings
2026-04-07 15:04:21 +0000  copying file ./Contents/Resources/Settings_Settings.bundle/Contents/Resources/id.lproj/Localizable.strings ... 
2026-04-07 15:04:21 +0000  584 bytes for ./Contents/Resources/Settings_Settings.bundle/Contents/Resources/id.lproj/Localizable.strings
2026-04-07 15:04:21 +0000  copying file ./Contents/Resources/Settings_Settings.bundle/Contents/Resources/nl.lproj/Localizable.strings ... 
2026-04-07 15:04:21 +0000  588 bytes for ./Contents/Resources/Settings_Settings.bundle/Contents/Resources/nl.lproj/Localizable.strings
2026-04-07 15:04:21 +0000  copying file ./Contents/Resources/Settings_Settings.bundle/Contents/Resources/th.lproj/Localizable.strings ... 
2026-04-07 15:04:21 +0000  584 bytes for ./Contents/Resources/Settings_Settings.bundle/Contents/Resources/th.lproj/Localizable.strings
2026-04-07 15:04:21 +0000  copying file ./Contents/Resources/Settings_Settings.bundle/Contents/Resources/pt.lproj/Localizable.strings ... 
2026-04-07 15:04:21 +0000  582 bytes for ./Contents/Resources/Settings_Settings.bundle/Contents/Resources/pt.lproj/Localizable.strings
2026-04-07 15:04:21 +0000  copying file ./Contents/Resources/Settings_Settings.bundle/Contents/Resources/pt-PT.lproj/Localizable.strings ... 
2026-04-07 15:04:21 +0000  588 bytes for ./Contents/Resources/Settings_Settings.bundle/Contents/Resources/pt-PT.lproj/Localizable.strings
2026-04-07 15:04:21 +0000  copying file ./Contents/Resources/Settings_Settings.bundle/Contents/Resources/ro.lproj/Localizable.strings ... 
2026-04-07 15:04:21 +0000  586 bytes for ./Contents/Resources/Settings_Settings.bundle/Contents/Resources/ro.lproj/Localizable.strings
2026-04-07 15:04:21 +0000  copying file ./Contents/Resources/Settings_Settings.bundle/Contents/Resources/hr.lproj/Localizable.strings ... 
2026-04-07 15:04:21 +0000  576 bytes for ./Contents/Resources/Settings_Settings.bundle/Contents/Resources/hr.lproj/Localizable.strings
2026-04-07 15:04:21 +0000  copying file ./Contents/Resources/Settings_Settings.bundle/Contents/Resources/hi.lproj/Localizable.strings ... 
2026-04-07 15:04:21 +0000  578 bytes for ./Contents/Resources/Settings_Settings.bundle/Contents/Resources/hi.lproj/Localizable.strings
2026-04-07 15:04:21 +0000  copying file ./Contents/Resources/Settings_Settings.bundle/Contents/Resources/ca.lproj/Localizable.strings ... 
2026-04-07 15:04:21 +0000  592 bytes for ./Contents/Resources/Settings_Settings.bundle/Contents/Resources/ca.lproj/Localizable.strings
2026-04-07 15:04:21 +0000  copying file ./Contents/Resources/Settings_Settings.bundle/Contents/Info.plist ... 
2026-04-07 15:04:21 +0000  1125 bytes for ./Contents/Resources/Settings_Settings.bundle/Contents/Info.plist
2026-04-07 15:04:21 +0000  copying file ./Contents/Resources/fr.lproj/GeneralSettings.strings ... 
2026-04-07 15:04:21 +0000  2778 bytes for ./Contents/Resources/fr.lproj/GeneralSettings.strings
2026-04-07 15:04:21 +0000  copying file ./Contents/Resources/fr.lproj/AdvancedSettings.strings ... 
2026-04-07 15:04:21 +0000  2092 bytes for ./Contents/Resources/fr.lproj/AdvancedSettings.strings
2026-04-07 15:04:21 +0000  copying file ./Contents/Resources/fr.lproj/PinsSettings.strings ... 
2026-04-07 15:04:21 +0000  992 bytes for ./Contents/Resources/fr.lproj/PinsSettings.strings
2026-04-07 15:04:21 +0000  copying file ./Contents/Resources/fr.lproj/Localizable.strings ... 
2026-04-07 15:04:21 +0000  3466 bytes for ./Contents/Resources/fr.lproj/Localizable.strings
2026-04-07 15:04:21 +0000  copying file ./Contents/Resources/fr.lproj/IgnoreSettings.strings ... 
2026-04-07 15:04:21 +0000  1854 bytes for ./Contents/Resources/fr.lproj/IgnoreSettings.strings
2026-04-07 15:04:21 +0000  copying file ./Contents/Resources/fr.lproj/PreviewItemView.strings ... 
2026-04-07 15:04:21 +0000  556 bytes for ./Contents/Resources/fr.lproj/PreviewItemView.strings
2026-04-07 15:04:21 +0000  copying file ./Contents/Resources/fr.lproj/AppearanceSettings.strings ... 
2026-04-07 15:04:21 +0000  4150 bytes for ./Contents/Resources/fr.lproj/AppearanceSettings.strings
2026-04-07 15:04:21 +0000  copying file ./Contents/Resources/fr.lproj/StorageSettings.strings ... 
2026-04-07 15:04:21 +0000  1096 bytes for ./Contents/Resources/fr.lproj/StorageSettings.strings
2026-04-07 15:04:21 +0000  copying file ./Contents/Resources/nl.lproj/GeneralSettings.strings ... 
2026-04-07 15:04:21 +0000  2404 bytes for ./Contents/Resources/nl.lproj/GeneralSettings.strings
2026-04-07 15:04:21 +0000  copying file ./Contents/Resources/nl.lproj/AdvancedSettings.strings ... 
2026-04-07 15:04:21 +0000  2036 bytes for ./Contents/Resources/nl.lproj/AdvancedSettings.strings
2026-04-07 15:04:21 +0000  copying file ./Contents/Resources/nl.lproj/PinsSettings.strings ... 
2026-04-07 15:04:21 +0000  794 bytes for ./Contents/Resources/nl.lproj/PinsSettings.strings
2026-04-07 15:04:21 +0000  copying file ./Contents/Resources/nl.lproj/Localizable.strings ... 
2026-04-07 15:04:21 +0000  3262 bytes for ./Contents/Resources/nl.lproj/Localizable.strings
2026-04-07 15:04:21 +0000  copying file ./Contents/Resources/nl.lproj/IgnoreSettings.strings ... 
2026-04-07 15:04:21 +0000  1760 bytes for ./Contents/Resources/nl.lproj/IgnoreSettings.strings
2026-04-07 15:04:21 +0000  copying file ./Contents/Resources/nl.lproj/PreviewItemView.strings ... 
2026-04-07 15:04:21 +0000  476 bytes for ./Contents/Resources/nl.lproj/PreviewItemView.strings
2026-04-07 15:04:21 +0000  copying file ./Contents/Resources/nl.lproj/AppearanceSettings.strings ... 
2026-04-07 15:04:21 +0000  3676 bytes for ./Contents/Resources/nl.lproj/AppearanceSettings.strings
2026-04-07 15:04:21 +0000  copying file ./Contents/Resources/nl.lproj/StorageSettings.strings ... 
2026-04-07 15:04:21 +0000  1106 bytes for ./Contents/Resources/nl.lproj/StorageSettings.strings
2026-04-07 15:04:21 +0000  copying file ./Contents/Resources/th.lproj/GeneralSettings.strings ... 
2026-04-07 15:04:21 +0000  1996 bytes for ./Contents/Resources/th.lproj/GeneralSettings.strings
2026-04-07 15:04:21 +0000  copying file ./Contents/Resources/th.lproj/AdvancedSettings.strings ... 
2026-04-07 15:04:21 +0000  1654 bytes for ./Contents/Resources/th.lproj/AdvancedSettings.strings
2026-04-07 15:04:21 +0000  copying file ./Contents/Resources/th.lproj/PinsSettings.strings ... 
2026-04-07 15:04:21 +0000  858 bytes for ./Contents/Resources/th.lproj/PinsSettings.strings
2026-04-07 15:04:21 +0000  copying file ./Contents/Resources/th.lproj/Localizable.strings ... 
2026-04-07 15:04:21 +0000  2954 bytes for ./Contents/Resources/th.lproj/Localizable.strings
2026-04-07 15:04:21 +0000  copying file ./Contents/Resources/th.lproj/IgnoreSettings.strings ... 
2026-04-07 15:04:21 +0000  1312 bytes for ./Contents/Resources/th.lproj/IgnoreSettings.strings
2026-04-07 15:04:21 +0000  copying file ./Contents/Resources/th.lproj/PreviewItemView.strings ... 
2026-04-07 15:04:21 +0000  458 bytes for ./Contents/Resources/th.lproj/PreviewItemView.strings
2026-04-07 15:04:21 +0000  copying file ./Contents/Resources/th.lproj/AppearanceSettings.strings ... 
2026-04-07 15:04:21 +0000  3422 bytes for ./Contents/Resources/th.lproj/AppearanceSettings.strings
2026-04-07 15:04:21 +0000  copying file ./Contents/Resources/th.lproj/StorageSettings.strings ... 
2026-04-07 15:04:21 +0000  978 bytes for ./Contents/Resources/th.lproj/StorageSettings.strings
2026-04-07 15:04:21 +0000  copying file ./Contents/Resources/Knock.caf ... 
2026-04-07 15:04:21 +0000  110532 bytes for ./Contents/Resources/Knock.caf
2026-04-07 15:04:21 +0000  copying file ./Contents/Resources/ro.lproj/GeneralSettings.strings ... 
2026-04-07 15:04:21 +0000  2570 bytes for ./Contents/Resources/ro.lproj/GeneralSettings.strings
2026-04-07 15:04:21 +0000  copying file ./Contents/Resources/ro.lproj/AdvancedSettings.strings ... 
2026-04-07 15:04:21 +0000  1990 bytes for ./Contents/Resources/ro.lproj/AdvancedSettings.strings
2026-04-07 15:04:21 +0000  copying file ./Contents/Resources/ro.lproj/PinsSettings.strings ... 
2026-04-07 15:04:21 +0000  910 bytes for ./Contents/Resources/ro.lproj/PinsSettings.strings
2026-04-07 15:04:21 +0000  copying file ./Contents/Resources/ro.lproj/Localizable.strings ... 
2026-04-07 15:04:21 +0000  3386 bytes for ./Contents/Resources/ro.lproj/Localizable.strings
2026-04-07 15:04:21 +0000  copying file ./Contents/Resources/ro.lproj/IgnoreSettings.strings ... 
2026-04-07 15:04:21 +0000  1830 bytes for ./Contents/Resources/ro.lproj/IgnoreSettings.strings
2026-04-07 15:04:21 +0000  copying file ./Contents/Resources/ro.lproj/PreviewItemView.strings ... 
2026-04-07 15:04:21 +0000  516 bytes for ./Contents/Resources/ro.lproj/PreviewItemView.strings
2026-04-07 15:04:21 +0000  copying file ./Contents/Resources/ro.lproj/AppearanceSettings.strings ... 
2026-04-07 15:04:21 +0000  3974 bytes for ./Contents/Resources/ro.lproj/AppearanceSettings.strings
2026-04-07 15:04:21 +0000  copying file ./Contents/Resources/ro.lproj/StorageSettings.strings ... 
2026-04-07 15:04:21 +0000  1082 bytes for ./Contents/Resources/ro.lproj/StorageSettings.strings
2026-04-07 15:04:21 +0000  copying file ./Contents/Resources/bs.lproj/GeneralSettings.strings ... 
2026-04-07 15:04:21 +0000  2308 bytes for ./Contents/Resources/bs.lproj/GeneralSettings.strings
2026-04-07 15:04:21 +0000  copying file ./Contents/Resources/bs.lproj/AdvancedSettings.strings ... 
2026-04-07 15:04:21 +0000  1886 bytes for ./Contents/Resources/bs.lproj/AdvancedSettings.strings
2026-04-07 15:04:21 +0000  copying file ./Contents/Resources/bs.lproj/PinsSettings.strings ... 
2026-04-07 15:04:21 +0000  928 bytes for ./Contents/Resources/bs.lproj/PinsSettings.strings
2026-04-07 15:04:21 +0000  copying file ./Contents/Resources/bs.lproj/Localizable.strings ... 
2026-04-07 15:04:21 +0000  3178 bytes for ./Contents/Resources/bs.lproj/Localizable.strings
2026-04-07 15:04:21 +0000  copying file ./Contents/Resources/bs.lproj/IgnoreSettings.strings ... 
2026-04-07 15:04:21 +0000  1720 bytes for ./Contents/Resources/bs.lproj/IgnoreSettings.strings
2026-04-07 15:04:21 +0000  copying file ./Contents/Resources/bs.lproj/PreviewItemView.strings ... 
2026-04-07 15:04:21 +0000  488 bytes for ./Contents/Resources/bs.lproj/PreviewItemView.strings
2026-04-07 15:04:21 +0000  copying file ./Contents/Resources/bs.lproj/AppearanceSettings.strings ... 
2026-04-07 15:04:21 +0000  3726 bytes for ./Contents/Resources/bs.lproj/AppearanceSettings.strings
2026-04-07 15:04:21 +0000  copying file ./Contents/Resources/bs.lproj/StorageSettings.strings ... 
2026-04-07 15:04:21 +0000  1054 bytes for ./Contents/Resources/bs.lproj/StorageSettings.strings
2026-04-07 15:04:21 +0000  copying file ./Contents/Resources/hr.lproj/GeneralSettings.strings ... 
2026-04-07 15:04:21 +0000  2528 bytes for ./Contents/Resources/hr.lproj/GeneralSettings.strings
2026-04-07 15:04:21 +0000  copying file ./Contents/Resources/hr.lproj/AdvancedSettings.strings ... 
2026-04-07 15:04:21 +0000  1950 bytes for ./Contents/Resources/hr.lproj/AdvancedSettings.strings
2026-04-07 15:04:21 +0000  copying file ./Contents/Resources/hr.lproj/PinsSettings.strings ... 
2026-04-07 15:04:21 +0000  928 bytes for ./Contents/Resources/hr.lproj/PinsSettings.strings
2026-04-07 15:04:21 +0000  copying file ./Contents/Resources/hr.lproj/Localizable.strings ... 
2026-04-07 15:04:21 +0000  3296 bytes for ./Contents/Resources/hr.lproj/Localizable.strings
2026-04-07 15:04:21 +0000  copying file ./Contents/Resources/hr.lproj/IgnoreSettings.strings ... 
2026-04-07 15:04:21 +0000  1648 bytes for ./Contents/Resources/hr.lproj/IgnoreSettings.strings
2026-04-07 15:04:21 +0000  copying file ./Contents/Resources/hr.lproj/PreviewItemView.strings ... 
2026-04-07 15:04:21 +0000  506 bytes for ./Contents/Resources/hr.lproj/PreviewItemView.strings
2026-04-07 15:04:21 +0000  copying file ./Contents/Resources/hr.lproj/AppearanceSettings.strings ... 
2026-04-07 15:04:21 +0000  3772 bytes for ./Contents/Resources/hr.lproj/AppearanceSettings.strings
2026-04-07 15:04:21 +0000  copying file ./Contents/Resources/hr.lproj/StorageSettings.strings ... 
2026-04-07 15:04:21 +0000  1082 bytes for ./Contents/Resources/hr.lproj/StorageSettings.strings
2026-04-07 15:04:21 +0000  copying symlink ./Contents/Frameworks/Sparkle.framework/Resources ... 
2026-04-07 15:04:21 +0000  linked ./Contents/Frameworks/Sparkle.framework/Resources
2026-04-07 15:04:21 +0000  copying symlink ./Contents/Frameworks/Sparkle.framework/Versions/Current ... 
2026-04-07 15:04:21 +0000  linked ./Contents/Frameworks/Sparkle.framework/Versions/Current
2026-04-07 15:04:21 +0000  copying file ./Contents/Frameworks/Sparkle.framework/Versions/B/_CodeSignature/CodeResources ... 
2026-04-07 15:04:21 +0000  43104 bytes for ./Contents/Frameworks/Sparkle.framework/Versions/B/_CodeSignature/CodeResources
2026-04-07 15:04:21 +0000  copying file ./Contents/Frameworks/Sparkle.framework/Versions/B/Resources/de.lproj/Sparkle.strings ... 
2026-04-07 15:04:21 +0000  18114 bytes for ./Contents/Frameworks/Sparkle.framework/Versions/B/Resources/de.lproj/Sparkle.strings
2026-04-07 15:04:21 +0000  copying file ./Contents/Frameworks/Sparkle.framework/Versions/B/Resources/de.lproj/SUUpdatePermissionPrompt.strings ... 
2026-04-07 15:04:21 +0000  1383 bytes for ./Contents/Frameworks/Sparkle.framework/Versions/B/Resources/de.lproj/SUUpdatePermissionPrompt.strings
2026-04-07 15:04:21 +0000  copying file ./Contents/Frameworks/Sparkle.framework/Versions/B/Resources/de.lproj/SUUpdateAlert.strings ... 
2026-04-07 15:04:21 +0000  738 bytes for ./Contents/Frameworks/Sparkle.framework/Versions/B/Resources/de.lproj/SUUpdateAlert.strings
2026-04-07 15:04:21 +0000  copying file ./Contents/Frameworks/Sparkle.framework/Versions/B/Resources/he.lproj/Sparkle.strings ... 
2026-04-07 15:04:21 +0000  4140 bytes for ./Contents/Frameworks/Sparkle.framework/Versions/B/Resources/he.lproj/Sparkle.strings
2026-04-07 15:04:21 +0000  copying file ./Contents/Frameworks/Sparkle.framework/Versions/B/Resources/he.lproj/SUUpdateAlert.strings ... 
2026-04-07 15:04:21 +0000  780 bytes for ./Contents/Frameworks/Sparkle.framework/Versions/B/Resources/he.lproj/SUUpdateAlert.strings
2026-04-07 15:04:21 +0000  copying file ./Contents/Frameworks/Sparkle.framework/Versions/B/Resources/ar.lproj/Sparkle.strings ... 
2026-04-07 15:04:21 +0000  5104 bytes for ./Contents/Frameworks/Sparkle.framework/Versions/B/Resources/ar.lproj/Sparkle.strings
2026-04-07 15:04:21 +0000  copying file ./Contents/Frameworks/Sparkle.framework/Versions/B/Resources/ar.lproj/SUUpdatePermissionPrompt.strings ... 
2026-04-07 15:04:21 +0000  1562 bytes for ./Contents/Frameworks/Sparkle.framework/Versions/B/Resources/ar.lproj/SUUpdatePermissionPrompt.strings
2026-04-07 15:04:21 +0000  copying file ./Contents/Frameworks/Sparkle.framework/Versions/B/Resources/ar.lproj/SUUpdateAlert.strings ... 
2026-04-07 15:04:21 +0000  824 bytes for ./Contents/Frameworks/Sparkle.framework/Versions/B/Resources/ar.lproj/SUUpdateAlert.strings
2026-04-07 15:04:21 +0000  copying file ./Contents/Frameworks/Sparkle.framework/Versions/B/Resources/el.lproj/Sparkle.strings ... 
2026-04-07 15:04:21 +0000  7972 bytes for ./Contents/Frameworks/Sparkle.framework/Versions/B/Resources/el.lproj/Sparkle.strings
2026-04-07 15:04:21 +0000  copying file ./Contents/Frameworks/Sparkle.framework/Versions/B/Resources/el.lproj/SUUpdatePermissionPrompt.strings ... 
2026-04-07 15:04:21 +0000  1790 bytes for ./Contents/Frameworks/Sparkle.framework/Versions/B/Resources/el.lproj/SUUpdatePermissionPrompt.strings
2026-04-07 15:04:21 +0000  copying file ./Contents/Frameworks/Sparkle.framework/Versions/B/Resources/el.lproj/SUUpdateAlert.strings ... 
2026-04-07 15:04:21 +0000  889 bytes for ./Contents/Frameworks/Sparkle.framework/Versions/B/Resources/el.lproj/SUUpdateAlert.strings
2026-04-07 15:04:21 +0000  copying file ./Contents/Frameworks/Sparkle.framework/Versions/B/Resources/ja.lproj/Sparkle.strings ... 
2026-04-07 15:04:21 +0000  14414 bytes for ./Contents/Frameworks/Sparkle.framework/Versions/B/Resources/ja.lproj/Sparkle.strings
2026-04-07 15:04:21 +0000  copying file ./Contents/Frameworks/Sparkle.framework/Versions/B/Resources/ja.lproj/SUUpdatePermissionPrompt.strings ... 
2026-04-07 15:04:21 +0000  1473 bytes for ./Contents/Frameworks/Sparkle.framework/Versions/B/Resources/ja.lproj/SUUpdatePermissionPrompt.strings
2026-04-07 15:04:21 +0000  copying file ./Contents/Frameworks/Sparkle.framework/Versions/B/Resources/ja.lproj/SUUpdateAlert.strings ... 
2026-04-07 15:04:21 +0000  837 bytes for ./Contents/Frameworks/Sparkle.framework/Versions/B/Resources/ja.lproj/SUUpdateAlert.strings
2026-04-07 15:04:21 +0000  copying file ./Contents/Frameworks/Sparkle.framework/Versions/B/Resources/fa.lproj/Sparkle.strings ... 
2026-04-07 15:04:21 +0000  10492 bytes for ./Contents/Frameworks/Sparkle.framework/Versions/B/Resources/fa.lproj/Sparkle.strings
2026-04-07 15:04:21 +0000  copying file ./Contents/Frameworks/Sparkle.framework/Versions/B/Resources/en.lproj/SUUpdatePermissionPrompt.strings ... 
2026-04-07 15:04:21 +0000  1482 bytes for ./Contents/Frameworks/Sparkle.framework/Versions/B/Resources/en.lproj/SUUpdatePermissionPrompt.strings
2026-04-07 15:04:21 +0000  copying file ./Contents/Frameworks/Sparkle.framework/Versions/B/Resources/en.lproj/SUUpdateAlert.strings ... 
2026-04-07 15:04:21 +0000  731 bytes for ./Contents/Frameworks/Sparkle.framework/Versions/B/Resources/en.lproj/SUUpdateAlert.strings
2026-04-07 15:04:21 +0000  copying file ./Contents/Frameworks/Sparkle.framework/Versions/B/Resources/uk.lproj/Sparkle.strings ... 
2026-04-07 15:04:21 +0000  8100 bytes for ./Contents/Frameworks/Sparkle.framework/Versions/B/Resources/uk.lproj/Sparkle.strings
2026-04-07 15:04:21 +0000  copying file ./Contents/Frameworks/Sparkle.framework/Versions/B/Resources/uk.lproj/SUUpdatePermissionPrompt.strings ... 
2026-04-07 15:04:21 +0000  1721 bytes for ./Contents/Frameworks/Sparkle.framework/Versions/B/Resources/uk.lproj/SUUpdatePermissionPrompt.strings
2026-04-07 15:04:21 +0000  copying file ./Contents/Frameworks/Sparkle.framework/Versions/B/Resources/uk.lproj/SUUpdateAlert.strings ... 
2026-04-07 15:04:21 +0000  945 bytes for ./Contents/Frameworks/Sparkle.framework/Versions/B/Resources/uk.lproj/SUUpdateAlert.strings
2026-04-07 15:04:21 +0000  copying file ./Contents/Frameworks/Sparkle.framework/Versions/B/Resources/zh_CN.lproj/Sparkle.strings ... 
2026-04-07 15:04:21 +0000  7720 bytes for ./Contents/Frameworks/Sparkle.framework/Versions/B/Resources/zh_CN.lproj/Sparkle.strings
2026-04-07 15:04:21 +0000  copying file ./Contents/Frameworks/Sparkle.framework/Versions/B/Resources/zh_CN.lproj/SUUpdatePermissionPrompt.strings ... 
2026-04-07 15:04:21 +0000  1325 bytes for ./Contents/Frameworks/Sparkle.framework/Versions/B/Resources/zh_CN.lproj/SUUpdatePermissionPrompt.strings
2026-04-07 15:04:21 +0000  copying file ./Contents/Frameworks/Sparkle.framework/Versions/B/Resources/zh_CN.lproj/SUUpdateAlert.strings ... 
2026-04-07 15:04:21 +0000  704 bytes for ./Contents/Frameworks/Sparkle.framework/Versions/B/Resources/zh_CN.lproj/SUUpdateAlert.strings
2026-04-07 15:04:21 +0000  copying file ./Contents/Frameworks/Sparkle.framework/Versions/B/Resources/nb.lproj/Sparkle.strings ... 
2026-04-07 15:04:21 +0000  8996 bytes for ./Contents/Frameworks/Sparkle.framework/Versions/B/Resources/nb.lproj/Sparkle.strings
2026-04-07 15:04:21 +0000  copying file ./Contents/Frameworks/Sparkle.framework/Versions/B/Resources/nb.lproj/SUUpdatePermissionPrompt.strings ... 
2026-04-07 15:04:21 +0000  1371 bytes for ./Contents/Frameworks/Sparkle.framework/Versions/B/Resources/nb.lproj/SUUpdatePermissionPrompt.strings
2026-04-07 15:04:21 +0000  copying file ./Contents/Frameworks/Sparkle.framework/Versions/B/Resources/nb.lproj/SUUpdateAlert.strings ... 
2026-04-07 15:04:21 +0000  703 bytes for ./Contents/Frameworks/Sparkle.framework/Versions/B/Resources/nb.lproj/SUUpdateAlert.strings
2026-04-07 15:04:21 +0000  copying file ./Contents/Frameworks/Sparkle.framework/Versions/B/Resources/es.lproj/Sparkle.strings ... 
2026-04-07 15:04:21 +0000  10262 bytes for ./Contents/Frameworks/Sparkle.framework/Versions/B/Resources/es.lproj/Sparkle.strings
2026-04-07 15:04:21 +0000  copying file ./Contents/Frameworks/Sparkle.framework/Versions/B/Resources/es.lproj/SUUpdatePermissionPrompt.strings ... 
2026-04-07 15:04:21 +0000  1480 bytes for ./Contents/Frameworks/Sparkle.framework/Versions/B/Resources/es.lproj/SUUpdatePermissionPrompt.strings
2026-04-07 15:04:21 +0000  copying file ./Contents/Frameworks/Sparkle.framework/Versions/B/Resources/es.lproj/SUUpdateAlert.strings ... 
2026-04-07 15:04:21 +0000  760 bytes for ./Contents/Frameworks/Sparkle.framework/Versions/B/Resources/es.lproj/SUUpdateAlert.strings
2026-04-07 15:04:21 +0000  copying file ./Contents/Frameworks/Sparkle.framework/Versions/B/Resources/is.lproj/Sparkle.strings ... 
2026-04-07 15:04:21 +0000  4806 bytes for ./Contents/Frameworks/Sparkle.framework/Versions/B/Resources/is.lproj/Sparkle.strings
2026-04-07 15:04:21 +0000  copying file ./Contents/Frameworks/Sparkle.framework/Versions/B/Resources/is.lproj/SUUpdatePermissionPrompt.strings ... 
2026-04-07 15:04:21 +0000  1439 bytes for ./Contents/Frameworks/Sparkle.framework/Versions/B/Resources/is.lproj/SUUpdatePermissionPrompt.strings
2026-04-07 15:04:21 +0000  copying file ./Contents/Frameworks/Sparkle.framework/Versions/B/Resources/is.lproj/SUUpdateAlert.strings ... 
2026-04-07 15:04:21 +0000  741 bytes for ./Contents/Frameworks/Sparkle.framework/Versions/B/Resources/is.lproj/SUUpdateAlert.strings
2026-04-07 15:04:21 +0000  copying file ./Contents/Frameworks/Sparkle.framework/Versions/B/Resources/sl.lproj/Sparkle.strings ... 
2026-04-07 15:04:21 +0000  8180 bytes for ./Contents/Frameworks/Sparkle.framework/Versions/B/Resources/sl.lproj/Sparkle.strings
2026-04-07 15:04:21 +0000  copying file ./Contents/Frameworks/Sparkle.framework/Versions/B/Resources/sl.lproj/SUUpdatePermissionPrompt.strings ... 
2026-04-07 15:04:21 +0000  1380 bytes for ./Contents/Frameworks/Sparkle.framework/Versions/B/Resources/sl.lproj/SUUpdatePermissionPrompt.strings
2026-04-07 15:04:21 +0000  copying file ./Contents/Frameworks/Sparkle.framework/Versions/B/Resources/sl.lproj/SUUpdateAlert.strings ... 
2026-04-07 15:04:21 +0000  747 bytes for ./Contents/Frameworks/Sparkle.framework/Versions/B/Resources/sl.lproj/SUUpdateAlert.strings
2026-04-07 15:04:21 +0000  copying file ./Contents/Frameworks/Sparkle.framework/Versions/B/Resources/da.lproj/Sparkle.strings ... 
2026-04-07 15:04:21 +0000  8334 bytes for ./Contents/Frameworks/Sparkle.framework/Versions/B/Resources/da.lproj/Sparkle.strings
2026-04-07 15:04:21 +0000  copying file ./Contents/Frameworks/Sparkle.framework/Versions/B/Resources/da.lproj/SUUpdatePermissionPrompt.strings ... 
2026-04-07 15:04:21 +0000  1387 bytes for ./Contents/Frameworks/Sparkle.framework/Versions/B/Resources/da.lproj/SUUpdatePermissionPrompt.strings
2026-04-07 15:04:21 +0000  copying file ./Contents/Frameworks/Sparkle.framework/Versions/B/Resources/da.lproj/SUUpdateAlert.strings ... 
2026-04-07 15:04:21 +0000  724 bytes for ./Contents/Frameworks/Sparkle.framework/Versions/B/Resources/da.lproj/SUUpdateAlert.strings
2026-04-07 15:04:21 +0000  copying file ./Contents/Frameworks/Sparkle.framework/Versions/B/Resources/it.lproj/Sparkle.strings ... 
2026-04-07 15:04:21 +0000  18028 bytes for ./Contents/Frameworks/Sparkle.framework/Versions/B/Resources/it.lproj/Sparkle.strings
2026-04-07 15:04:21 +0000  copying file ./Contents/Frameworks/Sparkle.framework/Versions/B/Resources/it.lproj/SUUpdatePermissionPrompt.strings ... 
2026-04-07 15:04:21 +0000  1449 bytes for ./Contents/Frameworks/Sparkle.framework/Versions/B/Resources/it.lproj/SUUpdatePermissionPrompt.strings
2026-04-07 15:04:21 +0000  copying file ./Contents/Frameworks/Sparkle.framework/Versions/B/Resources/it.lproj/SUUpdateAlert.strings ... 
2026-04-07 15:04:21 +0000  752 bytes for ./Contents/Frameworks/Sparkle.framework/Versions/B/Resources/it.lproj/SUUpdateAlert.strings
2026-04-07 15:04:21 +0000  copying file ./Contents/Frameworks/Sparkle.framework/Versions/B/Resources/sk.lproj/Sparkle.strings ... 
2026-04-07 15:04:21 +0000  7940 bytes for ./Contents/Frameworks/Sparkle.framework/Versions/B/Resources/sk.lproj/Sparkle.strings
2026-04-07 15:04:21 +0000  copying file ./Contents/Frameworks/Sparkle.framework/Versions/B/Resources/sk.lproj/SUUpdatePermissionPrompt.strings ... 
2026-04-07 15:04:21 +0000  1262 bytes for ./Contents/Frameworks/Sparkle.framework/Versions/B/Resources/sk.lproj/SUUpdatePermissionPrompt.strings
2026-04-07 15:04:21 +0000  copying file ./Contents/Frameworks/Sparkle.framework/Versions/B/Resources/sk.lproj/SUUpdateAlert.strings ... 
2026-04-07 15:04:21 +0000  762 bytes for ./Contents/Frameworks/Sparkle.framework/Versions/B/Resources/sk.lproj/SUUpdateAlert.strings
2026-04-07 15:04:21 +0000  copying file ./Contents/Frameworks/Sparkle.framework/Versions/B/Resources/sv.lproj/Sparkle.strings ... 
2026-04-07 15:04:21 +0000  7588 bytes for ./Contents/Frameworks/Sparkle.framework/Versions/B/Resources/sv.lproj/Sparkle.strings
2026-04-07 15:04:21 +0000  copying file ./Contents/Frameworks/Sparkle.framework/Versions/B/Resources/sv.lproj/SUUpdatePermissionPrompt.strings ... 
2026-04-07 15:04:21 +0000  1436 bytes for ./Contents/Frameworks/Sparkle.framework/Versions/B/Resources/sv.lproj/SUUpdatePermissionPrompt.strings
2026-04-07 15:04:21 +0000  copying file ./Contents/Frameworks/Sparkle.framework/Versions/B/Resources/sv.lproj/SUUpdateAlert.strings ... 
2026-04-07 15:04:21 +0000  766 bytes for ./Contents/Frameworks/Sparkle.framework/Versions/B/Resources/sv.lproj/SUUpdateAlert.strings
2026-04-07 15:04:21 +0000  copying file ./Contents/Frameworks/Sparkle.framework/Versions/B/Resources/ReleaseNotesColorStyle.css ... 
2026-04-07 15:04:21 +0000  231 bytes for ./Contents/Frameworks/Sparkle.framework/Versions/B/Resources/ReleaseNotesColorStyle.css
2026-04-07 15:04:21 +0000  copying file ./Contents/Frameworks/Sparkle.framework/Versions/B/Resources/cs.lproj/Sparkle.strings ... 
2026-04-07 15:04:21 +0000  17266 bytes for ./Contents/Frameworks/Sparkle.framework/Versions/B/Resources/cs.lproj/Sparkle.strings
2026-04-07 15:04:21 +0000  copying file ./Contents/Frameworks/Sparkle.framework/Versions/B/Resources/cs.lproj/SUUpdatePermissionPrompt.strings ... 
2026-04-07 15:04:21 +0000  1437 bytes for ./Contents/Frameworks/Sparkle.framework/Versions/B/Resources/cs.lproj/SUUpdatePermissionPrompt.strings
2026-04-07 15:04:21 +0000  copying file ./Contents/Frameworks/Sparkle.framework/Versions/B/Resources/cs.lproj/SUUpdateAlert.strings ... 
2026-04-07 15:04:21 +0000  761 bytes for ./Contents/Frameworks/Sparkle.framework/Versions/B/Resources/cs.lproj/SUUpdateAlert.strings
2026-04-07 15:04:21 +0000  copying file ./Contents/Frameworks/Sparkle.framework/Versions/B/Resources/ko.lproj/Sparkle.strings ... 
2026-04-07 15:04:21 +0000  14468 bytes for ./Contents/Frameworks/Sparkle.framework/Versions/B/Resources/ko.lproj/Sparkle.strings
2026-04-07 15:04:21 +0000  copying file ./Contents/Frameworks/Sparkle.framework/Versions/B/Resources/ko.lproj/SUUpdatePermissionPrompt.strings ... 
2026-04-07 15:04:21 +0000  1381 bytes for ./Contents/Frameworks/Sparkle.framework/Versions/B/Resources/ko.lproj/SUUpdatePermissionPrompt.strings
2026-04-07 15:04:21 +0000  copying file ./Contents/Frameworks/Sparkle.framework/Versions/B/Resources/ko.lproj/SUUpdateAlert.strings ... 
2026-04-07 15:04:21 +0000  745 bytes for ./Contents/Frameworks/Sparkle.framework/Versions/B/Resources/ko.lproj/SUUpdateAlert.strings
2026-04-07 15:04:21 +0000  copying file ./Contents/Frameworks/Sparkle.framework/Versions/B/Resources/Base.lproj/Sparkle.strings ... 
2026-04-07 15:04:21 +0000  16774 bytes for ./Contents/Frameworks/Sparkle.framework/Versions/B/Resources/Base.lproj/Sparkle.strings
2026-04-07 15:04:21 +0000  copying file ./Contents/Frameworks/Sparkle.framework/Versions/B/Resources/Base.lproj/SUUpdatePermissionPrompt.nib/keyedobjects-110000.nib ... 
2026-04-07 15:04:21 +0000  25574 bytes for ./Contents/Frameworks/Sparkle.framework/Versions/B/Resources/Base.lproj/SUUpdatePermissionPrompt.nib/keyedobjects-110000.nib
2026-04-07 15:04:21 +0000  copying file ./Contents/Frameworks/Sparkle.framework/Versions/B/Resources/Base.lproj/SUUpdatePermissionPrompt.nib/keyedobjects-101300.nib ... 
2026-04-07 15:04:21 +0000  25600 bytes for ./Contents/Frameworks/Sparkle.framework/Versions/B/Resources/Base.lproj/SUUpdatePermissionPrompt.nib/keyedobjects-101300.nib
2026-04-07 15:04:21 +0000  copying file ./Contents/Frameworks/Sparkle.framework/Versions/B/Resources/Base.lproj/SUUpdateAlert.nib ... 
2026-04-07 15:04:21 +0000  17703 bytes for ./Contents/Frameworks/Sparkle.framework/Versions/B/Resources/Base.lproj/SUUpdateAlert.nib
2026-04-07 15:04:21 +0000  copying file ./Contents/Frameworks/Sparkle.framework/Versions/B/Resources/hu.lproj/Sparkle.strings ... 
2026-04-07 15:04:21 +0000  6580 bytes for ./Contents/Frameworks/Sparkle.framework/Versions/B/Resources/hu.lproj/Sparkle.strings
2026-04-07 15:04:21 +0000  copying file ./Contents/Frameworks/Sparkle.framework/Versions/B/Resources/hu.lproj/SUUpdatePermissionPrompt.strings ... 
2026-04-07 15:04:21 +0000  1239 bytes for ./Contents/Frameworks/Sparkle.framework/Versions/B/Resources/hu.lproj/SUUpdatePermissionPrompt.strings
2026-04-07 15:04:21 +0000  copying file ./Contents/Frameworks/Sparkle.framework/Versions/B/Resources/hu.lproj/SUUpdateAlert.strings ... 
2026-04-07 15:04:21 +0000  782 bytes for ./Contents/Frameworks/Sparkle.framework/Versions/B/Resources/hu.lproj/SUUpdateAlert.strings
2026-04-07 15:04:21 +0000  copying file ./Contents/Frameworks/Sparkle.framework/Versions/B/Resources/zh_HK.lproj/Sparkle.strings ... 
2026-04-07 15:04:21 +0000  13272 bytes for ./Contents/Frameworks/Sparkle.framework/Versions/B/Resources/zh_HK.lproj/Sparkle.strings
2026-04-07 15:04:21 +0000  copying file ./Contents/Frameworks/Sparkle.framework/Versions/B/Resources/zh_HK.lproj/SUUpdatePermissionPrompt.strings ... 
2026-04-07 15:04:21 +0000  1315 bytes for ./Contents/Frameworks/Sparkle.framework/Versions/B/Resources/zh_HK.lproj/SUUpdatePermissionPrompt.strings
2026-04-07 15:04:21 +0000  copying file ./Contents/Frameworks/Sparkle.framework/Versions/B/Resources/zh_HK.lproj/SUUpdateAlert.strings ... 
2026-04-07 15:04:21 +0000  701 bytes for ./Contents/Frameworks/Sparkle.framework/Versions/B/Resources/zh_HK.lproj/SUUpdateAlert.strings
2026-04-07 15:04:21 +0000  copying file ./Contents/Frameworks/Sparkle.framework/Versions/B/Resources/tr.lproj/Sparkle.strings ... 
2026-04-07 15:04:21 +0000  8620 bytes for ./Contents/Frameworks/Sparkle.framework/Versions/B/Resources/tr.lproj/Sparkle.strings
2026-04-07 15:04:21 +0000  copying file ./Contents/Frameworks/Sparkle.framework/Versions/B/Resources/tr.lproj/SUUpdatePermissionPrompt.strings ... 
2026-04-07 15:04:21 +0000  1421 bytes for ./Contents/Frameworks/Sparkle.framework/Versions/B/Resources/tr.lproj/SUUpdatePermissionPrompt.strings
2026-04-07 15:04:21 +0000  copying file ./Contents/Frameworks/Sparkle.framework/Versions/B/Resources/tr.lproj/SUUpdateAlert.strings ... 
2026-04-07 15:04:21 +0000  736 bytes for ./Contents/Frameworks/Sparkle.framework/Versions/B/Resources/tr.lproj/SUUpdateAlert.strings
2026-04-07 15:04:21 +0000  copying file ./Contents/Frameworks/Sparkle.framework/Versions/B/Resources/pl.lproj/Sparkle.strings ... 
2026-04-07 15:04:21 +0000  8408 bytes for ./Contents/Frameworks/Sparkle.framework/Versions/B/Resources/pl.lproj/Sparkle.strings
2026-04-07 15:04:21 +0000  copying file ./Contents/Frameworks/Sparkle.framework/Versions/B/Resources/pl.lproj/SUUpdatePermissionPrompt.strings ... 
2026-04-07 15:04:21 +0000  1422 bytes for ./Contents/Frameworks/Sparkle.framework/Versions/B/Resources/pl.lproj/SUUpdatePermissionPrompt.strings
2026-04-07 15:04:21 +0000  copying file ./Contents/Frameworks/Sparkle.framework/Versions/B/Resources/pl.lproj/SUUpdateAlert.strings ... 
2026-04-07 15:04:21 +0000  759 bytes for ./Contents/Frameworks/Sparkle.framework/Versions/B/Resources/pl.lproj/SUUpdateAlert.strings
2026-04-07 15:04:21 +0000  copying file ./Contents/Frameworks/Sparkle.framework/Versions/B/Resources/zh_TW.lproj/Sparkle.strings ... 
2026-04-07 15:04:21 +0000  13422 bytes for ./Contents/Frameworks/Sparkle.framework/Versions/B/Resources/zh_TW.lproj/Sparkle.strings
2026-04-07 15:04:21 +0000  copying file ./Contents/Frameworks/Sparkle.framework/Versions/B/Resources/zh_TW.lproj/SUUpdatePermissionPrompt.strings ... 
2026-04-07 15:04:21 +0000  1348 bytes for ./Contents/Frameworks/Sparkle.framework/Versions/B/Resources/zh_TW.lproj/SUUpdatePermissionPrompt.strings
2026-04-07 15:04:21 +0000  copying file ./Contents/Frameworks/Sparkle.framework/Versions/B/Resources/zh_TW.lproj/SUUpdateAlert.strings ... 
2026-04-07 15:04:21 +0000  713 bytes for ./Contents/Frameworks/Sparkle.framework/Versions/B/Resources/zh_TW.lproj/SUUpdateAlert.strings
2026-04-07 15:04:21 +0000  copying file ./Contents/Frameworks/Sparkle.framework/Versions/B/Resources/pt-BR.lproj/Sparkle.strings ... 
2026-04-07 15:04:21 +0000  16756 bytes for ./Contents/Frameworks/Sparkle.framework/Versions/B/Resources/pt-BR.lproj/Sparkle.strings
2026-04-07 15:04:21 +0000  copying file ./Contents/Frameworks/Sparkle.framework/Versions/B/Resources/pt-BR.lproj/SUUpdatePermissionPrompt.strings ... 
2026-04-07 15:04:21 +0000  1555 bytes for ./Contents/Frameworks/Sparkle.framework/Versions/B/Resources/pt-BR.lproj/SUUpdatePermissionPrompt.strings
2026-04-07 15:04:21 +0000  copying file ./Contents/Frameworks/Sparkle.framework/Versions/B/Resources/pt-BR.lproj/SUUpdateAlert.strings ... 
2026-04-07 15:04:21 +0000  753 bytes for ./Contents/Frameworks/Sparkle.framework/Versions/B/Resources/pt-BR.lproj/SUUpdateAlert.strings
2026-04-07 15:04:21 +0000  copying file ./Contents/Frameworks/Sparkle.framework/Versions/B/Resources/ru.lproj/Sparkle.strings ... 
2026-04-07 15:04:21 +0000  7964 bytes for ./Contents/Frameworks/Sparkle.framework/Versions/B/Resources/ru.lproj/Sparkle.strings
2026-04-07 15:04:21 +0000  copying file ./Contents/Frameworks/Sparkle.framework/Versions/B/Resources/ru.lproj/SUUpdatePermissionPrompt.strings ... 
2026-04-07 15:04:21 +0000  1800 bytes for ./Contents/Frameworks/Sparkle.framework/Versions/B/Resources/ru.lproj/SUUpdatePermissionPrompt.strings
2026-04-07 15:04:21 +0000  copying file ./Contents/Frameworks/Sparkle.framework/Versions/B/Resources/ru.lproj/SUUpdateAlert.strings ... 
2026-04-07 15:04:21 +0000  926 bytes for ./Contents/Frameworks/Sparkle.framework/Versions/B/Resources/ru.lproj/SUUpdateAlert.strings
2026-04-07 15:04:21 +0000  copying file ./Contents/Frameworks/Sparkle.framework/Versions/B/Resources/SUStatus.nib ... 
2026-04-07 15:04:21 +0000  12443 bytes for ./Contents/Frameworks/Sparkle.framework/Versions/B/Resources/SUStatus.nib
2026-04-07 15:04:21 +0000  copying file ./Contents/Frameworks/Sparkle.framework/Versions/B/Resources/fr.lproj/Sparkle.strings ... 
2026-04-07 15:04:21 +0000  11366 bytes for ./Contents/Frameworks/Sparkle.framework/Versions/B/Resources/fr.lproj/Sparkle.strings
2026-04-07 15:04:21 +0000  copying file ./Contents/Frameworks/Sparkle.framework/Versions/B/Resources/fr.lproj/SUUpdatePermissionPrompt.strings ... 
2026-04-07 15:04:21 +0000  1477 bytes for ./Contents/Frameworks/Sparkle.framework/Versions/B/Resources/fr.lproj/SUUpdatePermissionPrompt.strings
2026-04-07 15:04:21 +0000  copying file ./Contents/Frameworks/Sparkle.framework/Versions/B/Resources/fr.lproj/SUUpdateAlert.strings ... 
2026-04-07 15:04:21 +0000  743 bytes for ./Contents/Frameworks/Sparkle.framework/Versions/B/Resources/fr.lproj/SUUpdateAlert.strings
2026-04-07 15:04:21 +0000  copying file ./Contents/Frameworks/Sparkle.framework/Versions/B/Resources/fi.lproj/Sparkle.strings ... 
2026-04-07 15:04:21 +0000  4602 bytes for ./Contents/Frameworks/Sparkle.framework/Versions/B/Resources/fi.lproj/Sparkle.strings
2026-04-07 15:04:21 +0000  copying file ./Contents/Frameworks/Sparkle.framework/Versions/B/Resources/fi.lproj/SUUpdatePermissionPrompt.strings ... 
2026-04-07 15:04:21 +0000  1430 bytes for ./Contents/Frameworks/Sparkle.framework/Versions/B/Resources/fi.lproj/SUUpdatePermissionPrompt.strings
2026-04-07 15:04:21 +0000  copying file ./Contents/Frameworks/Sparkle.framework/Versions/B/Resources/fi.lproj/SUUpdateAlert.strings ... 
2026-04-07 15:04:21 +0000  747 bytes for ./Contents/Frameworks/Sparkle.framework/Versions/B/Resources/fi.lproj/SUUpdateAlert.strings
2026-04-07 15:04:21 +0000  copying file ./Contents/Frameworks/Sparkle.framework/Versions/B/Resources/nl.lproj/Sparkle.strings ... 
2026-04-07 15:04:21 +0000  17588 bytes for ./Contents/Frameworks/Sparkle.framework/Versions/B/Resources/nl.lproj/Sparkle.strings
2026-04-07 15:04:21 +0000  copying file ./Contents/Frameworks/Sparkle.framework/Versions/B/Resources/nl.lproj/SUUpdatePermissionPrompt.strings ... 
2026-04-07 15:04:21 +0000  1227 bytes for ./Contents/Frameworks/Sparkle.framework/Versions/B/Resources/nl.lproj/SUUpdatePermissionPrompt.strings
2026-04-07 15:04:21 +0000  copying file ./Contents/Frameworks/Sparkle.framework/Versions/B/Resources/nl.lproj/SUUpdateAlert.strings ... 
2026-04-07 15:04:21 +0000  735 bytes for ./Contents/Frameworks/Sparkle.framework/Versions/B/Resources/nl.lproj/SUUpdateAlert.strings
2026-04-07 15:04:21 +0000  copying file ./Contents/Frameworks/Sparkle.framework/Versions/B/Resources/th.lproj/Sparkle.strings ... 
2026-04-07 15:04:21 +0000  7902 bytes for ./Contents/Frameworks/Sparkle.framework/Versions/B/Resources/th.lproj/Sparkle.strings
2026-04-07 15:04:21 +0000  copying file ./Contents/Frameworks/Sparkle.framework/Versions/B/Resources/th.lproj/SUUpdatePermissionPrompt.strings ... 
2026-04-07 15:04:21 +0000  1807 bytes for ./Contents/Frameworks/Sparkle.framework/Versions/B/Resources/th.lproj/SUUpdatePermissionPrompt.strings
2026-04-07 15:04:21 +0000  copying file ./Contents/Frameworks/Sparkle.framework/Versions/B/Resources/th.lproj/SUUpdateAlert.strings ... 
2026-04-07 15:04:21 +0000  919 bytes for ./Contents/Frameworks/Sparkle.framework/Versions/B/Resources/th.lproj/SUUpdateAlert.strings
2026-04-07 15:04:21 +0000  copying file ./Contents/Frameworks/Sparkle.framework/Versions/B/Resources/nn.lproj/Sparkle.strings ... 
2026-04-07 15:04:21 +0000  9070 bytes for ./Contents/Frameworks/Sparkle.framework/Versions/B/Resources/nn.lproj/Sparkle.strings
2026-04-07 15:04:21 +0000  copying file ./Contents/Frameworks/Sparkle.framework/Versions/B/Resources/nn.lproj/SUUpdatePermissionPrompt.strings ... 
2026-04-07 15:04:21 +0000  1390 bytes for ./Contents/Frameworks/Sparkle.framework/Versions/B/Resources/nn.lproj/SUUpdatePermissionPrompt.strings
2026-04-07 15:04:21 +0000  copying file ./Contents/Frameworks/Sparkle.framework/Versions/B/Resources/nn.lproj/SUUpdateAlert.strings ... 
2026-04-07 15:04:21 +0000  702 bytes for ./Contents/Frameworks/Sparkle.framework/Versions/B/Resources/nn.lproj/SUUpdateAlert.strings
2026-04-07 15:04:21 +0000  copying file ./Contents/Frameworks/Sparkle.framework/Versions/B/Resources/pt-PT.lproj/Sparkle.strings ... 
2026-04-07 15:04:21 +0000  8210 bytes for ./Contents/Frameworks/Sparkle.framework/Versions/B/Resources/pt-PT.lproj/Sparkle.strings
2026-04-07 15:04:21 +0000  copying file ./Contents/Frameworks/Sparkle.framework/Versions/B/Resources/pt-PT.lproj/SUUpdatePermissionPrompt.strings ... 
2026-04-07 15:04:21 +0000  1471 bytes for ./Contents/Frameworks/Sparkle.framework/Versions/B/Resources/pt-PT.lproj/SUUpdatePermissionPrompt.strings
2026-04-07 15:04:21 +0000  copying file ./Contents/Frameworks/Sparkle.framework/Versions/B/Resources/pt-PT.lproj/SUUpdateAlert.strings ... 
2026-04-07 15:04:21 +0000  770 bytes for ./Contents/Frameworks/Sparkle.framework/Versions/B/Resources/pt-PT.lproj/SUUpdateAlert.strings
2026-04-07 15:04:21 +0000  copying file ./Contents/Frameworks/Sparkle.framework/Versions/B/Resources/ro.lproj/Sparkle.strings ... 
2026-04-07 15:04:21 +0000  9418 bytes for ./Contents/Frameworks/Sparkle.framework/Versions/B/Resources/ro.lproj/Sparkle.strings
2026-04-07 15:04:21 +0000  copying file ./Contents/Frameworks/Sparkle.framework/Versions/B/Resources/ro.lproj/SUUpdatePermissionPrompt.strings ... 
2026-04-07 15:04:21 +0000  1424 bytes for ./Contents/Frameworks/Sparkle.framework/Versions/B/Resources/ro.lproj/SUUpdatePermissionPrompt.strings
2026-04-07 15:04:21 +0000  copying file ./Contents/Frameworks/Sparkle.framework/Versions/B/Resources/ro.lproj/SUUpdateAlert.strings ... 
2026-04-07 15:04:21 +0000  764 bytes for ./Contents/Frameworks/Sparkle.framework/Versions/B/Resources/ro.lproj/SUUpdateAlert.strings
2026-04-07 15:04:21 +0000  copying file ./Contents/Frameworks/Sparkle.framework/Versions/B/Resources/Info.plist ... 
2026-04-07 15:04:21 +0000  1340 bytes for ./Contents/Frameworks/Sparkle.framework/Versions/B/Resources/Info.plist
2026-04-07 15:04:21 +0000  copying file ./Contents/Frameworks/Sparkle.framework/Versions/B/Resources/hr.lproj/Sparkle.strings ... 
2026-04-07 15:04:21 +0000  9832 bytes for ./Contents/Frameworks/Sparkle.framework/Versions/B/Resources/hr.lproj/Sparkle.strings
2026-04-07 15:04:21 +0000  copying file ./Contents/Frameworks/Sparkle.framework/Versions/B/Resources/hr.lproj/SUUpdatePermissionPrompt.strings ... 
2026-04-07 15:04:21 +0000  1382 bytes for ./Contents/Frameworks/Sparkle.framework/Versions/B/Resources/hr.lproj/SUUpdatePermissionPrompt.strings
2026-04-07 15:04:21 +0000  copying file ./Contents/Frameworks/Sparkle.framework/Versions/B/Resources/hr.lproj/SUUpdateAlert.strings ... 
2026-04-07 15:04:21 +0000  755 bytes for ./Contents/Frameworks/Sparkle.framework/Versions/B/Resources/hr.lproj/SUUpdateAlert.strings
2026-04-07 15:04:21 +0000  copying file ./Contents/Frameworks/Sparkle.framework/Versions/B/Resources/ca.lproj/Sparkle.strings ... 
2026-04-07 15:04:21 +0000  5966 bytes for ./Contents/Frameworks/Sparkle.framework/Versions/B/Resources/ca.lproj/Sparkle.strings
2026-04-07 15:04:21 +0000  copying file ./Contents/Frameworks/Sparkle.framework/Versions/B/Resources/ca.lproj/SUUpdateAlert.strings ... 
2026-04-07 15:04:21 +0000  792 bytes for ./Contents/Frameworks/Sparkle.framework/Versions/B/Resources/ca.lproj/SUUpdateAlert.strings
2026-04-07 15:04:21 +0000  copying file ./Contents/Frameworks/Sparkle.framework/Versions/B/Autoupdate ... 
2026-04-07 15:04:21 +0000  660912 bytes for ./Contents/Frameworks/Sparkle.framework/Versions/B/Autoupdate
2026-04-07 15:04:21 +0000  copying file ./Contents/Frameworks/Sparkle.framework/Versions/B/Updater.app/Contents/_CodeSignature/CodeResources ... 
2026-04-07 15:04:21 +0000  2446 bytes for ./Contents/Frameworks/Sparkle.framework/Versions/B/Updater.app/Contents/_CodeSignature/CodeResources
2026-04-07 15:04:21 +0000  copying file ./Contents/Frameworks/Sparkle.framework/Versions/B/Updater.app/Contents/MacOS/Updater ... 
2026-04-07 15:04:21 +0000  274896 bytes for ./Contents/Frameworks/Sparkle.framework/Versions/B/Updater.app/Contents/MacOS/Updater
2026-04-07 15:04:21 +0000  copying file ./Contents/Frameworks/Sparkle.framework/Versions/B/Updater.app/Contents/Resources/SUStatus.nib ... 
2026-04-07 15:04:21 +0000  12443 bytes for ./Contents/Frameworks/Sparkle.framework/Versions/B/Updater.app/Contents/Resources/SUStatus.nib
2026-04-07 15:04:21 +0000  copying file ./Contents/Frameworks/Sparkle.framework/Versions/B/Updater.app/Contents/Info.plist ... 
2026-04-07 15:04:21 +0000  2377 bytes for ./Contents/Frameworks/Sparkle.framework/Versions/B/Updater.app/Contents/Info.plist
2026-04-07 15:04:21 +0000  copying file ./Contents/Frameworks/Sparkle.framework/Versions/B/Updater.app/Contents/PkgInfo ... 
2026-04-07 15:04:21 +0000  8 bytes for ./Contents/Frameworks/Sparkle.framework/Versions/B/Updater.app/Contents/PkgInfo
2026-04-07 15:04:21 +0000  copying file ./Contents/Frameworks/Sparkle.framework/Versions/B/XPCServices/Downloader.xpc/Contents/_CodeSignature/CodeResources ... 
2026-04-07 15:04:21 +0000  2200 bytes for ./Contents/Frameworks/Sparkle.framework/Versions/B/XPCServices/Downloader.xpc/Contents/_CodeSignature/CodeResources
2026-04-07 15:04:21 +0000  copying file ./Contents/Frameworks/Sparkle.framework/Versions/B/XPCServices/Downloader.xpc/Contents/MacOS/Downloader ... 
2026-04-07 15:04:21 +0000  186848 bytes for ./Contents/Frameworks/Sparkle.framework/Versions/B/XPCServices/Downloader.xpc/Contents/MacOS/Downloader
2026-04-07 15:04:21 +0000  copying file ./Contents/Frameworks/Sparkle.framework/Versions/B/XPCServices/Downloader.xpc/Contents/Info.plist ... 
2026-04-07 15:04:21 +0000  1716 bytes for ./Contents/Frameworks/Sparkle.framework/Versions/B/XPCServices/Downloader.xpc/Contents/Info.plist
2026-04-07 15:04:21 +0000  copying file ./Contents/Frameworks/Sparkle.framework/Versions/B/XPCServices/Installer.xpc/Contents/_CodeSignature/CodeResources ... 
2026-04-07 15:04:21 +0000  2200 bytes for ./Contents/Frameworks/Sparkle.framework/Versions/B/XPCServices/Installer.xpc/Contents/_CodeSignature/CodeResources
2026-04-07 15:04:21 +0000  copying file ./Contents/Frameworks/Sparkle.framework/Versions/B/XPCServices/Installer.xpc/Contents/MacOS/Installer ... 
2026-04-07 15:04:21 +0000  223472 bytes for ./Contents/Frameworks/Sparkle.framework/Versions/B/XPCServices/Installer.xpc/Contents/MacOS/Installer
2026-04-07 15:04:21 +0000  copying file ./Contents/Frameworks/Sparkle.framework/Versions/B/XPCServices/Installer.xpc/Contents/Info.plist ... 
2026-04-07 15:04:21 +0000  1604 bytes for ./Contents/Frameworks/Sparkle.framework/Versions/B/XPCServices/Installer.xpc/Contents/Info.plist
2026-04-07 15:04:21 +0000  copying file ./Contents/Frameworks/Sparkle.framework/Versions/B/Sparkle ... 
2026-04-07 15:04:21 +0000  862448 bytes for ./Contents/Frameworks/Sparkle.framework/Versions/B/Sparkle
2026-04-07 15:04:21 +0000  copying symlink ./Contents/Frameworks/Sparkle.framework/Autoupdate ... 
2026-04-07 15:04:21 +0000  linked ./Contents/Frameworks/Sparkle.framework/Autoupdate
2026-04-07 15:04:21 +0000  copying symlink ./Contents/Frameworks/Sparkle.framework/Updater.app ... 
2026-04-07 15:04:21 +0000  linked ./Contents/Frameworks/Sparkle.framework/Updater.app
2026-04-07 15:04:21 +0000  copying symlink ./Contents/Frameworks/Sparkle.framework/XPCServices ... 
2026-04-07 15:04:21 +0000  linked ./Contents/Frameworks/Sparkle.framework/XPCServices
2026-04-07 15:04:21 +0000  copying symlink ./Contents/Frameworks/Sparkle.framework/Sparkle ... 
2026-04-07 15:04:21 +0000  linked ./Contents/Frameworks/Sparkle.framework/Sparkle
2026-04-07 15:04:21 +0000  copying file ./Contents/Info.plist ... 
2026-04-07 15:04:21 +0000  1871 bytes for ./Contents/Info.plist
2026-04-07 15:04:21 +0000  copying file ./Contents/PkgInfo ... 
2026-04-07 15:04:21 +0000  8 bytes for ./Contents/PkgInfo
2026-04-07 15:04:21 +0000 [MT] /usr/bin/ditto exited with 0
2026-04-07 15:04:21 +0000 [MT] Processing step: IDEDistributionEmbedProfileStep
2026-04-07 15:04:21 +0000 [MT] Skipping profile for item: <IDEDistributionItem: 0xb7ecdb3c0; bundleID='org.sparkle-project.DownloaderService', path='<DVTFilePath:0xb7ecd9aa0:'/Users/imsang-yeob/Maccy/build/FlowClip.xcarchive/Products/Applications/FlowClip.app/Contents/Frameworks/Sparkle.framework/Versions/B/XPCServices/Downloader.xpc'>', codeSigningInfo='<_DVTCodeSigningInformation_Path: 0xb7ecdb360; isSigned='1', isAdHocSigned='1', signingCertificate='(null)', entitlements='{
}', teamID='(null)', identifier='org.sparkle-project.DownloaderService', executablePath='<DVTFilePath:0xb7ecd9ec0:'/Users/imsang-yeob/Maccy/build/FlowClip.xcarchive/Products/Applications/FlowClip.app/Contents/Frameworks/Sparkle.framework/Versions/B/XPCServices/Downloader.xpc/Contents/MacOS/Downloader'>', hardenedRuntime='1'>'>
2026-04-07 15:04:21 +0000 [MT] Skipping profile for item: <IDEDistributionItem: 0xb7ecdb240; bundleID='org.sparkle-project.InstallerLauncher', path='<DVTFilePath:0xb7ecda160:'/Users/imsang-yeob/Maccy/build/FlowClip.xcarchive/Products/Applications/FlowClip.app/Contents/Frameworks/Sparkle.framework/Versions/B/XPCServices/Installer.xpc'>', codeSigningInfo='<_DVTCodeSigningInformation_Path: 0xb7ecdb1e0; isSigned='1', isAdHocSigned='1', signingCertificate='(null)', entitlements='{
}', teamID='(null)', identifier='org.sparkle-project.InstallerLauncher', executablePath='<DVTFilePath:0xb7ecda580:'/Users/imsang-yeob/Maccy/build/FlowClip.xcarchive/Products/Applications/FlowClip.app/Contents/Frameworks/Sparkle.framework/Versions/B/XPCServices/Installer.xpc/Contents/MacOS/Installer'>', hardenedRuntime='1'>'>
2026-04-07 15:04:21 +0000 [MT] Skipping profile for item: <IDEDistributionItem: 0xb7ecdb180; bundleID='(null)', path='<DVTFilePath:0xb7ecd8fc0:'/Users/imsang-yeob/Maccy/build/FlowClip.xcarchive/Products/Applications/FlowClip.app/Contents/Frameworks/Sparkle.framework/Versions/B/Autoupdate'>', codeSigningInfo='<_DVTCodeSigningInformation_Path: 0xb7ecdb120; isSigned='1', isAdHocSigned='1', signingCertificate='(null)', entitlements='{
    "com.apple.application-identifier" = "org.sparkle-project.Sparkle.Autoupdate";
}', teamID='(null)', identifier='Autoupdate-55554944af1d0cb0c3a837279eee9443bacac077', executablePath='<DVTFilePath:0xb7ecd8fc0:'/Users/imsang-yeob/Maccy/build/FlowClip.xcarchive/Products/Applications/FlowClip.app/Contents/Frameworks/Sparkle.framework/Versions/B/Autoupdate'>', hardenedRuntime='1'>'>
2026-04-07 15:04:21 +0000 [MT] Skipping profile for item: <IDEDistributionItem: 0xb7ecdb300; bundleID='org.sparkle-project.Sparkle.Updater', path='<DVTFilePath:0xb7ecd9080:'/Users/imsang-yeob/Maccy/build/FlowClip.xcarchive/Products/Applications/FlowClip.app/Contents/Frameworks/Sparkle.framework/Versions/B/Updater.app'>', codeSigningInfo='<_DVTCodeSigningInformation_Path: 0xb7ecdb2a0; isSigned='1', isAdHocSigned='1', signingCertificate='(null)', entitlements='{
}', teamID='(null)', identifier='org.sparkle-project.Sparkle.Updater', executablePath='<DVTFilePath:0xb7ecd94a0:'/Users/imsang-yeob/Maccy/build/FlowClip.xcarchive/Products/Applications/FlowClip.app/Contents/Frameworks/Sparkle.framework/Versions/B/Updater.app/Contents/MacOS/Updater'>', hardenedRuntime='1'>'>
2026-04-07 15:04:21 +0000 [MT] Skipping profile for item: <IDEDistributionItem: 0xb7ecdb420; bundleID='org.sparkle-project.Sparkle', path='<DVTFilePath:0xb7d4aadc0:'/Users/imsang-yeob/Maccy/build/FlowClip.xcarchive/Products/Applications/FlowClip.app/Contents/Frameworks/Sparkle.framework/Versions/B'>', codeSigningInfo='<_DVTCodeSigningInformation_Path: 0xb7d4ab4e0; isSigned='1', isAdHocSigned='0', signingCertificate='<DVTSigningCertificate: 0xb7bbac3c0; name='Developer ID Application: Sang Yeop Lim (79Q5RV23F9)', hash='1C6AC1622D621AE7318C8C2A7CD1360BA183BBB6', serialNumber='54E0ED91D9F8A362902842CAFF75CF9E', certificateKinds='(
    "1.2.840.113635.100.6.1.13"
), issueDate='2025-12-15 05:33:35 +0000''>', entitlements='(null)', teamID='79Q5RV23F9', identifier='org.sparkle-project.Sparkle', executablePath='<DVTFilePath:0xb7ecda880:'/Users/imsang-yeob/Maccy/build/FlowClip.xcarchive/Products/Applications/FlowClip.app/Contents/Frameworks/Sparkle.framework/Versions/B/Sparkle'>', hardenedRuntime='1'>'>
2026-04-07 15:04:21 +0000 [MT] Skipping profile for item: <IDEDistributionItem: 0xb7ecdb4e0; bundleID='com.gityeop.FlowClip', path='<DVTFilePath:0xb7e3886c0:'/Users/imsang-yeob/Maccy/build/FlowClip.xcarchive/Products/Applications/FlowClip.app'>', codeSigningInfo='<_DVTCodeSigningInformation_Path: 0xb7ecdb540; isSigned='1', isAdHocSigned='0', signingCertificate='<DVTSigningCertificate: 0xb7bbac3c0; name='Developer ID Application: Sang Yeop Lim (79Q5RV23F9)', hash='1C6AC1622D621AE7318C8C2A7CD1360BA183BBB6', serialNumber='54E0ED91D9F8A362902842CAFF75CF9E', certificateKinds='(
    "1.2.840.113635.100.6.1.13"
), issueDate='2025-12-15 05:33:35 +0000''>', entitlements='{
    "com.apple.security.app-sandbox" = 1;
    "com.apple.security.files.user-selected.read-only" = 1;
    "com.apple.security.temporary-exception.mach-lookup.global-name" =     (
        "com.gityeop.FlowClip-spks",
        "com.gityeop.FlowClip-spki"
    );
}', teamID='79Q5RV23F9', identifier='com.gityeop.FlowClip', executablePath='<DVTFilePath:0xb7e388a80:'/Users/imsang-yeob/Maccy/build/FlowClip.xcarchive/Products/Applications/FlowClip.app/Contents/MacOS/FlowClip'>', hardenedRuntime='1'>'>
2026-04-07 15:04:21 +0000 [MT] Processing step: IDEDistributionInfoPlistStep
2026-04-07 15:04:21 +0000 [MT] Skipping step: IDEDistributionInfoPlistStep because it said so
2026-04-07 15:04:21 +0000 [MT] Skipping step: IDEDistributionInfoPlistStep because it said so
2026-04-07 15:04:21 +0000 [MT] Skipping step: IDEDistributionInfoPlistStep because it said so
2026-04-07 15:04:21 +0000 [MT] Skipping step: IDEDistributionInfoPlistStep because it said so
2026-04-07 15:04:21 +0000 [MT] Skipping step: IDEDistributionInfoPlistStep because it said so
2026-04-07 15:04:21 +0000 [MT] Skipping step: IDEDistributionInfoPlistStep because it said so
2026-04-07 15:04:21 +0000 [MT] Processing step: IDEDistributionAppThinningPlistStep
2026-04-07 15:04:21 +0000 [MT] Processing step: IDEDistributionSymbolsStep
2026-04-07 15:04:21 +0000 [MT] Skipping step: IDEDistributionSymbolsStep because it said so
2026-04-07 15:04:21 +0000 [MT] Processing step: IDEDistributionAppThinningStep
2026-04-07 15:04:21 +0000 [MT] Skipping step: IDEDistributionAppThinningStep because it said so
2026-04-07 15:04:21 +0000 [MT] Processing step: IDEDistributionArchThinningStep
2026-04-07 15:04:21 +0000 [MT] Archs to thin for item /Users/imsang-yeob/Maccy/build/FlowClip.xcarchive/Products/Applications/FlowClip.app/Contents/Frameworks/Sparkle.framework/Versions/B/XPCServices/Downloader.xpc are []
2026-04-07 15:04:21 +0000 [MT] Archs to thin for item /Users/imsang-yeob/Maccy/build/FlowClip.xcarchive/Products/Applications/FlowClip.app/Contents/Frameworks/Sparkle.framework/Versions/B/XPCServices/Installer.xpc are []
2026-04-07 15:04:21 +0000 [MT] Archs to thin for item /Users/imsang-yeob/Maccy/build/FlowClip.xcarchive/Products/Applications/FlowClip.app/Contents/Frameworks/Sparkle.framework/Versions/B/Autoupdate are []
2026-04-07 15:04:21 +0000 [MT] Archs to thin for item /Users/imsang-yeob/Maccy/build/FlowClip.xcarchive/Products/Applications/FlowClip.app/Contents/Frameworks/Sparkle.framework/Versions/B/Updater.app are []
2026-04-07 15:04:21 +0000 [MT] Archs to thin for item /Users/imsang-yeob/Maccy/build/FlowClip.xcarchive/Products/Applications/FlowClip.app/Contents/Frameworks/Sparkle.framework/Versions/B are []
2026-04-07 15:04:21 +0000 [MT] Archs to thin for item /Users/imsang-yeob/Maccy/build/FlowClip.xcarchive/Products/Applications/FlowClip.app are []
2026-04-07 15:04:21 +0000 [MT] Processing step: IDEDistributionODRStep
2026-04-07 15:04:21 +0000 [MT] Processing step: IDEDistributionStripXattrsStep
2026-04-07 15:04:21 +0000 [MT] Skipping stripping extended attributes because the codesign step will strip them.
2026-04-07 15:04:21 +0000 [MT] Skipping stripping extended attributes because the codesign step will strip them.
2026-04-07 15:04:21 +0000 [MT] Skipping stripping extended attributes because the codesign step will strip them.
2026-04-07 15:04:21 +0000 [MT] Skipping stripping extended attributes because the codesign step will strip them.
2026-04-07 15:04:21 +0000 [MT] Skipping stripping extended attributes because the codesign step will strip them.
2026-04-07 15:04:21 +0000 [MT] Skipping stripping extended attributes because the codesign step will strip them.
2026-04-07 15:04:21 +0000 [MT] Processing step: IDEDistributionCodesignStep
2026-04-07 15:04:21 +0000 [MT] Entitlements for <IDEDistributionItem: 0xb7ecdb3c0; bundleID='org.sparkle-project.DownloaderService', path='<DVTFilePath:0xb7ecd9aa0:'/Users/imsang-yeob/Maccy/build/FlowClip.xcarchive/Products/Applications/FlowClip.app/Contents/Frameworks/Sparkle.framework/Versions/B/XPCServices/Downloader.xpc'>', codeSigningInfo='<_DVTCodeSigningInformation_Path: 0xb7ecdb360; isSigned='1', isAdHocSigned='1', signingCertificate='(null)', entitlements='{
}', teamID='(null)', identifier='org.sparkle-project.DownloaderService', executablePath='<DVTFilePath:0xb7ecd9ec0:'/Users/imsang-yeob/Maccy/build/FlowClip.xcarchive/Products/Applications/FlowClip.app/Contents/Frameworks/Sparkle.framework/Versions/B/XPCServices/Downloader.xpc/Contents/MacOS/Downloader'>', hardenedRuntime='1'>'>: {
}
2026-04-07 15:04:21 +0000 [MT] Associated App Clip Identifiers Filter: Skipping because "com.apple.developer.associated-appclip-app-identifiers" is not present
2026-04-07 15:04:21 +0000 [MT] Entitlements for <IDEDistributionItem: 0xb7ecdb3c0; bundleID='org.sparkle-project.DownloaderService', path='<DVTFilePath:0xb7ecd9aa0:'/Users/imsang-yeob/Maccy/build/FlowClip.xcarchive/Products/Applications/FlowClip.app/Contents/Frameworks/Sparkle.framework/Versions/B/XPCServices/Downloader.xpc'>', codeSigningInfo='<_DVTCodeSigningInformation_Path: 0xb7ecdb360; isSigned='1', isAdHocSigned='1', signingCertificate='(null)', entitlements='{
}', teamID='(null)', identifier='org.sparkle-project.DownloaderService', executablePath='<DVTFilePath:0xb7ecd9ec0:'/Users/imsang-yeob/Maccy/build/FlowClip.xcarchive/Products/Applications/FlowClip.app/Contents/Frameworks/Sparkle.framework/Versions/B/XPCServices/Downloader.xpc/Contents/MacOS/Downloader'>', hardenedRuntime='1'>'> are: {
}
2026-04-07 15:04:21 +0000 [MT] Writing entitlements for <IDEDistributionItem: 0xb7ecdb3c0; bundleID='org.sparkle-project.DownloaderService', path='<DVTFilePath:0xb7ecd9aa0:'/Users/imsang-yeob/Maccy/build/FlowClip.xcarchive/Products/Applications/FlowClip.app/Contents/Frameworks/Sparkle.framework/Versions/B/XPCServices/Downloader.xpc'>', codeSigningInfo='<_DVTCodeSigningInformation_Path: 0xb7ecdb360; isSigned='1', isAdHocSigned='1', signingCertificate='(null)', entitlements='{
}', teamID='(null)', identifier='org.sparkle-project.DownloaderService', executablePath='<DVTFilePath:0xb7ecd9ec0:'/Users/imsang-yeob/Maccy/build/FlowClip.xcarchive/Products/Applications/FlowClip.app/Contents/Frameworks/Sparkle.framework/Versions/B/XPCServices/Downloader.xpc/Contents/MacOS/Downloader'>', hardenedRuntime='1'>'> to: /var/folders/9d/8jyn_9md5xs0dcw7638m62g40000gn/T/XcodeDistPipeline.~~~GIYoLX/entitlements~~~5b1nO0
2026-04-07 15:04:21 +0000 [MT] invoking codesign: <NSConcreteTask: 0xb7cb7b1b0; launchPath='/usr/bin/codesign', arguments='(
    "-f",
    "-s",
    1C6AC1622D621AE7318C8C2A7CD1360BA183BBB6,
    "--entitlements",
    "/var/folders/9d/8jyn_9md5xs0dcw7638m62g40000gn/T/XcodeDistPipeline.~~~GIYoLX/entitlements~~~5b1nO0",
    "--requirements",
    "=designated => anchor apple generic  and identifier \"$self.identifier\" and ((cert leaf[field.1.2.840.113635.100.6.1.9] exists) or ( certificate 1[field.1.2.840.113635.100.6.2.6] exists and certificate leaf[field.1.2.840.113635.100.6.1.13] exists  and certificate leaf[subject.OU] = \"79Q5RV23F9\" ))",
    "--preserve-metadata=identifier,flags,runtime,launch-constraints,library-constraints",
    "--generate-entitlement-der",
    "--strip-disallowed-xattrs",
    "-vvv",
    "/var/folders/9d/8jyn_9md5xs0dcw7638m62g40000gn/T/XcodeDistPipeline.~~~GIYoLX/Root/Applications/FlowClip.app/Contents/Frameworks/Sparkle.framework/Versions/B/XPCServices/Downloader.xpc"
)'>
2026-04-07 15:04:22 +0000 [MT] codesign output: /var/folders/9d/8jyn_9md5xs0dcw7638m62g40000gn/T/XcodeDistPipeline.~~~GIYoLX/Root/Applications/FlowClip.app/Contents/Frameworks/Sparkle.framework/Versions/B/XPCServices/Downloader.xpc: replacing existing signature
/var/folders/9d/8jyn_9md5xs0dcw7638m62g40000gn/T/XcodeDistPipeline.~~~GIYoLX/Root/Applications/FlowClip.app/Contents/Frameworks/Sparkle.framework/Versions/B/XPCServices/Downloader.xpc: signed bundle with Mach-O universal (x86_64 arm64) [org.sparkle-project.DownloaderService]
2026-04-07 15:04:22 +0000 [MT] Entitlements for <IDEDistributionItem: 0xb7ecdb240; bundleID='org.sparkle-project.InstallerLauncher', path='<DVTFilePath:0xb7ecda160:'/Users/imsang-yeob/Maccy/build/FlowClip.xcarchive/Products/Applications/FlowClip.app/Contents/Frameworks/Sparkle.framework/Versions/B/XPCServices/Installer.xpc'>', codeSigningInfo='<_DVTCodeSigningInformation_Path: 0xb7ecdb1e0; isSigned='1', isAdHocSigned='1', signingCertificate='(null)', entitlements='{
}', teamID='(null)', identifier='org.sparkle-project.InstallerLauncher', executablePath='<DVTFilePath:0xb7ecda580:'/Users/imsang-yeob/Maccy/build/FlowClip.xcarchive/Products/Applications/FlowClip.app/Contents/Frameworks/Sparkle.framework/Versions/B/XPCServices/Installer.xpc/Contents/MacOS/Installer'>', hardenedRuntime='1'>'>: {
}
2026-04-07 15:04:22 +0000 [MT] Associated App Clip Identifiers Filter: Skipping because "com.apple.developer.associated-appclip-app-identifiers" is not present
2026-04-07 15:04:22 +0000 [MT] Entitlements for <IDEDistributionItem: 0xb7ecdb240; bundleID='org.sparkle-project.InstallerLauncher', path='<DVTFilePath:0xb7ecda160:'/Users/imsang-yeob/Maccy/build/FlowClip.xcarchive/Products/Applications/FlowClip.app/Contents/Frameworks/Sparkle.framework/Versions/B/XPCServices/Installer.xpc'>', codeSigningInfo='<_DVTCodeSigningInformation_Path: 0xb7ecdb1e0; isSigned='1', isAdHocSigned='1', signingCertificate='(null)', entitlements='{
}', teamID='(null)', identifier='org.sparkle-project.InstallerLauncher', executablePath='<DVTFilePath:0xb7ecda580:'/Users/imsang-yeob/Maccy/build/FlowClip.xcarchive/Products/Applications/FlowClip.app/Contents/Frameworks/Sparkle.framework/Versions/B/XPCServices/Installer.xpc/Contents/MacOS/Installer'>', hardenedRuntime='1'>'> are: {
}
2026-04-07 15:04:22 +0000 [MT] Writing entitlements for <IDEDistributionItem: 0xb7ecdb240; bundleID='org.sparkle-project.InstallerLauncher', path='<DVTFilePath:0xb7ecda160:'/Users/imsang-yeob/Maccy/build/FlowClip.xcarchive/Products/Applications/FlowClip.app/Contents/Frameworks/Sparkle.framework/Versions/B/XPCServices/Installer.xpc'>', codeSigningInfo='<_DVTCodeSigningInformation_Path: 0xb7ecdb1e0; isSigned='1', isAdHocSigned='1', signingCertificate='(null)', entitlements='{
}', teamID='(null)', identifier='org.sparkle-project.InstallerLauncher', executablePath='<DVTFilePath:0xb7ecda580:'/Users/imsang-yeob/Maccy/build/FlowClip.xcarchive/Products/Applications/FlowClip.app/Contents/Frameworks/Sparkle.framework/Versions/B/XPCServices/Installer.xpc/Contents/MacOS/Installer'>', hardenedRuntime='1'>'> to: /var/folders/9d/8jyn_9md5xs0dcw7638m62g40000gn/T/XcodeDistPipeline.~~~GIYoLX/entitlements~~~L2W6Me
2026-04-07 15:04:22 +0000 [MT] invoking codesign: <NSConcreteTask: 0xb7cb78230; launchPath='/usr/bin/codesign', arguments='(
    "-f",
    "-s",
    1C6AC1622D621AE7318C8C2A7CD1360BA183BBB6,
    "--entitlements",
    "/var/folders/9d/8jyn_9md5xs0dcw7638m62g40000gn/T/XcodeDistPipeline.~~~GIYoLX/entitlements~~~L2W6Me",
    "--requirements",
    "=designated => anchor apple generic  and identifier \"$self.identifier\" and ((cert leaf[field.1.2.840.113635.100.6.1.9] exists) or ( certificate 1[field.1.2.840.113635.100.6.2.6] exists and certificate leaf[field.1.2.840.113635.100.6.1.13] exists  and certificate leaf[subject.OU] = \"79Q5RV23F9\" ))",
    "--preserve-metadata=identifier,flags,runtime,launch-constraints,library-constraints",
    "--generate-entitlement-der",
    "--strip-disallowed-xattrs",
    "-vvv",
    "/var/folders/9d/8jyn_9md5xs0dcw7638m62g40000gn/T/XcodeDistPipeline.~~~GIYoLX/Root/Applications/FlowClip.app/Contents/Frameworks/Sparkle.framework/Versions/B/XPCServices/Installer.xpc"
)'>
2026-04-07 15:04:22 +0000 [MT] codesign output: /var/folders/9d/8jyn_9md5xs0dcw7638m62g40000gn/T/XcodeDistPipeline.~~~GIYoLX/Root/Applications/FlowClip.app/Contents/Frameworks/Sparkle.framework/Versions/B/XPCServices/Installer.xpc: replacing existing signature
/var/folders/9d/8jyn_9md5xs0dcw7638m62g40000gn/T/XcodeDistPipeline.~~~GIYoLX/Root/Applications/FlowClip.app/Contents/Frameworks/Sparkle.framework/Versions/B/XPCServices/Installer.xpc: signed bundle with Mach-O universal (x86_64 arm64) [org.sparkle-project.InstallerLauncher]
2026-04-07 15:04:22 +0000 [MT] Entitlements for <IDEDistributionItem: 0xb7ecdb180; bundleID='(null)', path='<DVTFilePath:0xb7ecd8fc0:'/Users/imsang-yeob/Maccy/build/FlowClip.xcarchive/Products/Applications/FlowClip.app/Contents/Frameworks/Sparkle.framework/Versions/B/Autoupdate'>', codeSigningInfo='<_DVTCodeSigningInformation_Path: 0xb7ecdb120; isSigned='1', isAdHocSigned='1', signingCertificate='(null)', entitlements='{
    "com.apple.application-identifier" = "org.sparkle-project.Sparkle.Autoupdate";
}', teamID='(null)', identifier='Autoupdate-55554944af1d0cb0c3a837279eee9443bacac077', executablePath='<DVTFilePath:0xb7ecd8fc0:'/Users/imsang-yeob/Maccy/build/FlowClip.xcarchive/Products/Applications/FlowClip.app/Contents/Frameworks/Sparkle.framework/Versions/B/Autoupdate'>', hardenedRuntime='1'>'>: {
    "com.apple.application-identifier" = "org.sparkle-project.Sparkle.Autoupdate";
}
2026-04-07 15:04:22 +0000 [MT] Associated App Clip Identifiers Filter: Skipping because "com.apple.developer.associated-appclip-app-identifiers" is not present
2026-04-07 15:04:22 +0000 [MT] Entitlements for <IDEDistributionItem: 0xb7ecdb180; bundleID='(null)', path='<DVTFilePath:0xb7ecd8fc0:'/Users/imsang-yeob/Maccy/build/FlowClip.xcarchive/Products/Applications/FlowClip.app/Contents/Frameworks/Sparkle.framework/Versions/B/Autoupdate'>', codeSigningInfo='<_DVTCodeSigningInformation_Path: 0xb7ecdb120; isSigned='1', isAdHocSigned='1', signingCertificate='(null)', entitlements='{
    "com.apple.application-identifier" = "org.sparkle-project.Sparkle.Autoupdate";
}', teamID='(null)', identifier='Autoupdate-55554944af1d0cb0c3a837279eee9443bacac077', executablePath='<DVTFilePath:0xb7ecd8fc0:'/Users/imsang-yeob/Maccy/build/FlowClip.xcarchive/Products/Applications/FlowClip.app/Contents/Frameworks/Sparkle.framework/Versions/B/Autoupdate'>', hardenedRuntime='1'>'> are: {
    "com.apple.application-identifier" = "org.sparkle-project.Sparkle.Autoupdate";
}
2026-04-07 15:04:22 +0000 [MT] Writing entitlements for <IDEDistributionItem: 0xb7ecdb180; bundleID='(null)', path='<DVTFilePath:0xb7ecd8fc0:'/Users/imsang-yeob/Maccy/build/FlowClip.xcarchive/Products/Applications/FlowClip.app/Contents/Frameworks/Sparkle.framework/Versions/B/Autoupdate'>', codeSigningInfo='<_DVTCodeSigningInformation_Path: 0xb7ecdb120; isSigned='1', isAdHocSigned='1', signingCertificate='(null)', entitlements='{
    "com.apple.application-identifier" = "org.sparkle-project.Sparkle.Autoupdate";
}', teamID='(null)', identifier='Autoupdate-55554944af1d0cb0c3a837279eee9443bacac077', executablePath='<DVTFilePath:0xb7ecd8fc0:'/Users/imsang-yeob/Maccy/build/FlowClip.xcarchive/Products/Applications/FlowClip.app/Contents/Frameworks/Sparkle.framework/Versions/B/Autoupdate'>', hardenedRuntime='1'>'> to: /var/folders/9d/8jyn_9md5xs0dcw7638m62g40000gn/T/XcodeDistPipeline.~~~GIYoLX/entitlements~~~zxp2fX
2026-04-07 15:04:22 +0000 [MT] invoking codesign: <NSConcreteTask: 0xb7cb78230; launchPath='/usr/bin/codesign', arguments='(
    "-f",
    "-s",
    1C6AC1622D621AE7318C8C2A7CD1360BA183BBB6,
    "--entitlements",
    "/var/folders/9d/8jyn_9md5xs0dcw7638m62g40000gn/T/XcodeDistPipeline.~~~GIYoLX/entitlements~~~zxp2fX",
    "--requirements",
    "=designated => anchor apple generic  and identifier \"$self.identifier\" and ((cert leaf[field.1.2.840.113635.100.6.1.9] exists) or ( certificate 1[field.1.2.840.113635.100.6.2.6] exists and certificate leaf[field.1.2.840.113635.100.6.1.13] exists  and certificate leaf[subject.OU] = \"79Q5RV23F9\" ))",
    "--preserve-metadata=identifier,flags,runtime,launch-constraints,library-constraints",
    "--generate-entitlement-der",
    "--strip-disallowed-xattrs",
    "-vvv",
    "/var/folders/9d/8jyn_9md5xs0dcw7638m62g40000gn/T/XcodeDistPipeline.~~~GIYoLX/Root/Applications/FlowClip.app/Contents/Frameworks/Sparkle.framework/Versions/B/Autoupdate"
)'>
2026-04-07 15:04:23 +0000 [MT] codesign output: /var/folders/9d/8jyn_9md5xs0dcw7638m62g40000gn/T/XcodeDistPipeline.~~~GIYoLX/Root/Applications/FlowClip.app/Contents/Frameworks/Sparkle.framework/Versions/B/Autoupdate: replacing existing signature
/var/folders/9d/8jyn_9md5xs0dcw7638m62g40000gn/T/XcodeDistPipeline.~~~GIYoLX/Root/Applications/FlowClip.app/Contents/Frameworks/Sparkle.framework/Versions/B/Autoupdate: signed Mach-O universal (x86_64 arm64) [Autoupdate-55554944af1d0cb0c3a837279eee9443bacac077]
2026-04-07 15:04:23 +0000 [MT] Entitlements for <IDEDistributionItem: 0xb7ecdb300; bundleID='org.sparkle-project.Sparkle.Updater', path='<DVTFilePath:0xb7ecd9080:'/Users/imsang-yeob/Maccy/build/FlowClip.xcarchive/Products/Applications/FlowClip.app/Contents/Frameworks/Sparkle.framework/Versions/B/Updater.app'>', codeSigningInfo='<_DVTCodeSigningInformation_Path: 0xb7ecdb2a0; isSigned='1', isAdHocSigned='1', signingCertificate='(null)', entitlements='{
}', teamID='(null)', identifier='org.sparkle-project.Sparkle.Updater', executablePath='<DVTFilePath:0xb7ecd94a0:'/Users/imsang-yeob/Maccy/build/FlowClip.xcarchive/Products/Applications/FlowClip.app/Contents/Frameworks/Sparkle.framework/Versions/B/Updater.app/Contents/MacOS/Updater'>', hardenedRuntime='1'>'>: {
}
2026-04-07 15:04:23 +0000 [MT] Associated App Clip Identifiers Filter: Skipping because "com.apple.developer.associated-appclip-app-identifiers" is not present
2026-04-07 15:04:23 +0000 [MT] Entitlements for <IDEDistributionItem: 0xb7ecdb300; bundleID='org.sparkle-project.Sparkle.Updater', path='<DVTFilePath:0xb7ecd9080:'/Users/imsang-yeob/Maccy/build/FlowClip.xcarchive/Products/Applications/FlowClip.app/Contents/Frameworks/Sparkle.framework/Versions/B/Updater.app'>', codeSigningInfo='<_DVTCodeSigningInformation_Path: 0xb7ecdb2a0; isSigned='1', isAdHocSigned='1', signingCertificate='(null)', entitlements='{
}', teamID='(null)', identifier='org.sparkle-project.Sparkle.Updater', executablePath='<DVTFilePath:0xb7ecd94a0:'/Users/imsang-yeob/Maccy/build/FlowClip.xcarchive/Products/Applications/FlowClip.app/Contents/Frameworks/Sparkle.framework/Versions/B/Updater.app/Contents/MacOS/Updater'>', hardenedRuntime='1'>'> are: {
}
2026-04-07 15:04:23 +0000 [MT] Writing entitlements for <IDEDistributionItem: 0xb7ecdb300; bundleID='org.sparkle-project.Sparkle.Updater', path='<DVTFilePath:0xb7ecd9080:'/Users/imsang-yeob/Maccy/build/FlowClip.xcarchive/Products/Applications/FlowClip.app/Contents/Frameworks/Sparkle.framework/Versions/B/Updater.app'>', codeSigningInfo='<_DVTCodeSigningInformation_Path: 0xb7ecdb2a0; isSigned='1', isAdHocSigned='1', signingCertificate='(null)', entitlements='{
}', teamID='(null)', identifier='org.sparkle-project.Sparkle.Updater', executablePath='<DVTFilePath:0xb7ecd94a0:'/Users/imsang-yeob/Maccy/build/FlowClip.xcarchive/Products/Applications/FlowClip.app/Contents/Frameworks/Sparkle.framework/Versions/B/Updater.app/Contents/MacOS/Updater'>', hardenedRuntime='1'>'> to: /var/folders/9d/8jyn_9md5xs0dcw7638m62g40000gn/T/XcodeDistPipeline.~~~GIYoLX/entitlements~~~gyTjcV
2026-04-07 15:04:23 +0000 [MT] invoking codesign: <NSConcreteTask: 0xb7cb78230; launchPath='/usr/bin/codesign', arguments='(
    "-f",
    "-s",
    1C6AC1622D621AE7318C8C2A7CD1360BA183BBB6,
    "--entitlements",
    "/var/folders/9d/8jyn_9md5xs0dcw7638m62g40000gn/T/XcodeDistPipeline.~~~GIYoLX/entitlements~~~gyTjcV",
    "--requirements",
    "=designated => anchor apple generic  and identifier \"$self.identifier\" and ((cert leaf[field.1.2.840.113635.100.6.1.9] exists) or ( certificate 1[field.1.2.840.113635.100.6.2.6] exists and certificate leaf[field.1.2.840.113635.100.6.1.13] exists  and certificate leaf[subject.OU] = \"79Q5RV23F9\" ))",
    "--preserve-metadata=identifier,flags,runtime,launch-constraints,library-constraints",
    "--generate-entitlement-der",
    "--strip-disallowed-xattrs",
    "-vvv",
    "/var/folders/9d/8jyn_9md5xs0dcw7638m62g40000gn/T/XcodeDistPipeline.~~~GIYoLX/Root/Applications/FlowClip.app/Contents/Frameworks/Sparkle.framework/Versions/B/Updater.app"
)'>
2026-04-07 15:04:23 +0000 [MT] codesign output: /var/folders/9d/8jyn_9md5xs0dcw7638m62g40000gn/T/XcodeDistPipeline.~~~GIYoLX/Root/Applications/FlowClip.app/Contents/Frameworks/Sparkle.framework/Versions/B/Updater.app: replacing existing signature
/var/folders/9d/8jyn_9md5xs0dcw7638m62g40000gn/T/XcodeDistPipeline.~~~GIYoLX/Root/Applications/FlowClip.app/Contents/Frameworks/Sparkle.framework/Versions/B/Updater.app: signed app bundle with Mach-O universal (x86_64 arm64) [org.sparkle-project.Sparkle.Updater]
2026-04-07 15:04:23 +0000 [MT] Entitlements for <IDEDistributionItem: 0xb7ecdb420; bundleID='org.sparkle-project.Sparkle', path='<DVTFilePath:0xb7d4aadc0:'/Users/imsang-yeob/Maccy/build/FlowClip.xcarchive/Products/Applications/FlowClip.app/Contents/Frameworks/Sparkle.framework/Versions/B'>', codeSigningInfo='<_DVTCodeSigningInformation_Path: 0xb7d4ab4e0; isSigned='1', isAdHocSigned='0', signingCertificate='<DVTSigningCertificate: 0xb7bbac3c0; name='Developer ID Application: Sang Yeop Lim (79Q5RV23F9)', hash='1C6AC1622D621AE7318C8C2A7CD1360BA183BBB6', serialNumber='54E0ED91D9F8A362902842CAFF75CF9E', certificateKinds='(
    "1.2.840.113635.100.6.1.13"
), issueDate='2025-12-15 05:33:35 +0000''>', entitlements='(null)', teamID='79Q5RV23F9', identifier='org.sparkle-project.Sparkle', executablePath='<DVTFilePath:0xb7ecda880:'/Users/imsang-yeob/Maccy/build/FlowClip.xcarchive/Products/Applications/FlowClip.app/Contents/Frameworks/Sparkle.framework/Versions/B/Sparkle'>', hardenedRuntime='1'>'>: {
}
2026-04-07 15:04:23 +0000 [MT] Associated App Clip Identifiers Filter: Skipping because "com.apple.developer.associated-appclip-app-identifiers" is not present
2026-04-07 15:04:23 +0000 [MT] Entitlements for <IDEDistributionItem: 0xb7ecdb420; bundleID='org.sparkle-project.Sparkle', path='<DVTFilePath:0xb7d4aadc0:'/Users/imsang-yeob/Maccy/build/FlowClip.xcarchive/Products/Applications/FlowClip.app/Contents/Frameworks/Sparkle.framework/Versions/B'>', codeSigningInfo='<_DVTCodeSigningInformation_Path: 0xb7d4ab4e0; isSigned='1', isAdHocSigned='0', signingCertificate='<DVTSigningCertificate: 0xb7bbac780; name='Developer ID Application: Sang Yeop Lim (79Q5RV23F9)', hash='1C6AC1622D621AE7318C8C2A7CD1360BA183BBB6', serialNumber='54E0ED91D9F8A362902842CAFF75CF9E', certificateKinds='(
    "1.2.840.113635.100.6.1.13"
), issueDate='2025-12-15 05:33:35 +0000''>', entitlements='(null)', teamID='79Q5RV23F9', identifier='org.sparkle-project.Sparkle', executablePath='<DVTFilePath:0xb7ecda880:'/Users/imsang-yeob/Maccy/build/FlowClip.xcarchive/Products/Applications/FlowClip.app/Contents/Frameworks/Sparkle.framework/Versions/B/Sparkle'>', hardenedRuntime='1'>'> are: {
}
2026-04-07 15:04:23 +0000 [MT] Writing entitlements for <IDEDistributionItem: 0xb7ecdb420; bundleID='org.sparkle-project.Sparkle', path='<DVTFilePath:0xb7d4aadc0:'/Users/imsang-yeob/Maccy/build/FlowClip.xcarchive/Products/Applications/FlowClip.app/Contents/Frameworks/Sparkle.framework/Versions/B'>', codeSigningInfo='<_DVTCodeSigningInformation_Path: 0xb7d4ab4e0; isSigned='1', isAdHocSigned='0', signingCertificate='<DVTSigningCertificate: 0xb7bbac780; name='Developer ID Application: Sang Yeop Lim (79Q5RV23F9)', hash='1C6AC1622D621AE7318C8C2A7CD1360BA183BBB6', serialNumber='54E0ED91D9F8A362902842CAFF75CF9E', certificateKinds='(
    "1.2.840.113635.100.6.1.13"
), issueDate='2025-12-15 05:33:35 +0000''>', entitlements='(null)', teamID='79Q5RV23F9', identifier='org.sparkle-project.Sparkle', executablePath='<DVTFilePath:0xb7ecda880:'/Users/imsang-yeob/Maccy/build/FlowClip.xcarchive/Products/Applications/FlowClip.app/Contents/Frameworks/Sparkle.framework/Versions/B/Sparkle'>', hardenedRuntime='1'>'> to: /var/folders/9d/8jyn_9md5xs0dcw7638m62g40000gn/T/XcodeDistPipeline.~~~GIYoLX/entitlements~~~uaEkNR
2026-04-07 15:04:23 +0000 [MT] invoking codesign: <NSConcreteTask: 0xb7cb78230; launchPath='/usr/bin/codesign', arguments='(
    "-f",
    "-s",
    1C6AC1622D621AE7318C8C2A7CD1360BA183BBB6,
    "--entitlements",
    "/var/folders/9d/8jyn_9md5xs0dcw7638m62g40000gn/T/XcodeDistPipeline.~~~GIYoLX/entitlements~~~uaEkNR",
    "--requirements",
    "=designated => anchor apple generic  and identifier \"$self.identifier\" and ((cert leaf[field.1.2.840.113635.100.6.1.9] exists) or ( certificate 1[field.1.2.840.113635.100.6.2.6] exists and certificate leaf[field.1.2.840.113635.100.6.1.13] exists  and certificate leaf[subject.OU] = \"79Q5RV23F9\" ))",
    "--preserve-metadata=identifier,flags,runtime,launch-constraints,library-constraints",
    "--generate-entitlement-der",
    "--strip-disallowed-xattrs",
    "-vvv",
    "/var/folders/9d/8jyn_9md5xs0dcw7638m62g40000gn/T/XcodeDistPipeline.~~~GIYoLX/Root/Applications/FlowClip.app/Contents/Frameworks/Sparkle.framework/Versions/B"
)'>
2026-04-07 15:04:24 +0000 [MT] codesign output: /var/folders/9d/8jyn_9md5xs0dcw7638m62g40000gn/T/XcodeDistPipeline.~~~GIYoLX/Root/Applications/FlowClip.app/Contents/Frameworks/Sparkle.framework/Versions/B: replacing existing signature
/var/folders/9d/8jyn_9md5xs0dcw7638m62g40000gn/T/XcodeDistPipeline.~~~GIYoLX/Root/Applications/FlowClip.app/Contents/Frameworks/Sparkle.framework/Versions/B: signed bundle with Mach-O universal (x86_64 arm64) [org.sparkle-project.Sparkle]
2026-04-07 15:04:24 +0000 [MT] Entitlements for <IDEDistributionItem: 0xb7ecdb4e0; bundleID='com.gityeop.FlowClip', path='<DVTFilePath:0xb7e3886c0:'/Users/imsang-yeob/Maccy/build/FlowClip.xcarchive/Products/Applications/FlowClip.app'>', codeSigningInfo='<_DVTCodeSigningInformation_Path: 0xb7ecdb540; isSigned='1', isAdHocSigned='0', signingCertificate='<DVTSigningCertificate: 0xb7bbac3c0; name='Developer ID Application: Sang Yeop Lim (79Q5RV23F9)', hash='1C6AC1622D621AE7318C8C2A7CD1360BA183BBB6', serialNumber='54E0ED91D9F8A362902842CAFF75CF9E', certificateKinds='(
    "1.2.840.113635.100.6.1.13"
), issueDate='2025-12-15 05:33:35 +0000''>', entitlements='{
    "com.apple.security.app-sandbox" = 1;
    "com.apple.security.files.user-selected.read-only" = 1;
    "com.apple.security.temporary-exception.mach-lookup.global-name" =     (
        "com.gityeop.FlowClip-spks",
        "com.gityeop.FlowClip-spki"
    );
}', teamID='79Q5RV23F9', identifier='com.gityeop.FlowClip', executablePath='<DVTFilePath:0xb7e388a80:'/Users/imsang-yeob/Maccy/build/FlowClip.xcarchive/Products/Applications/FlowClip.app/Contents/MacOS/FlowClip'>', hardenedRuntime='1'>'>: {
    "com.apple.security.app-sandbox" = 1;
    "com.apple.security.files.user-selected.read-only" = 1;
    "com.apple.security.temporary-exception.mach-lookup.global-name" =     (
        "com.gityeop.FlowClip-spks",
        "com.gityeop.FlowClip-spki"
    );
}
2026-04-07 15:04:24 +0000 [MT] Associated App Clip Identifiers Filter: Skipping because "com.apple.developer.associated-appclip-app-identifiers" is not present
2026-04-07 15:04:24 +0000 [MT] Entitlements for <IDEDistributionItem: 0xb7ecdb4e0; bundleID='com.gityeop.FlowClip', path='<DVTFilePath:0xb7e3886c0:'/Users/imsang-yeob/Maccy/build/FlowClip.xcarchive/Products/Applications/FlowClip.app'>', codeSigningInfo='<_DVTCodeSigningInformation_Path: 0xb7ecdb540; isSigned='1', isAdHocSigned='0', signingCertificate='<DVTSigningCertificate: 0xb7bbac780; name='Developer ID Application: Sang Yeop Lim (79Q5RV23F9)', hash='1C6AC1622D621AE7318C8C2A7CD1360BA183BBB6', serialNumber='54E0ED91D9F8A362902842CAFF75CF9E', certificateKinds='(
    "1.2.840.113635.100.6.1.13"
), issueDate='2025-12-15 05:33:35 +0000''>', entitlements='{
    "com.apple.security.app-sandbox" = 1;
    "com.apple.security.files.user-selected.read-only" = 1;
    "com.apple.security.temporary-exception.mach-lookup.global-name" =     (
        "com.gityeop.FlowClip-spks",
        "com.gityeop.FlowClip-spki"
    );
}', teamID='79Q5RV23F9', identifier='com.gityeop.FlowClip', executablePath='<DVTFilePath:0xb7e388a80:'/Users/imsang-yeob/Maccy/build/FlowClip.xcarchive/Products/Applications/FlowClip.app/Contents/MacOS/FlowClip'>', hardenedRuntime='1'>'> are: {
    "com.apple.security.app-sandbox" = 1;
    "com.apple.security.files.user-selected.read-only" = 1;
    "com.apple.security.temporary-exception.mach-lookup.global-name" =     (
        "com.gityeop.FlowClip-spks",
        "com.gityeop.FlowClip-spki"
    );
}
2026-04-07 15:04:24 +0000 [MT] Writing entitlements for <IDEDistributionItem: 0xb7ecdb4e0; bundleID='com.gityeop.FlowClip', path='<DVTFilePath:0xb7e3886c0:'/Users/imsang-yeob/Maccy/build/FlowClip.xcarchive/Products/Applications/FlowClip.app'>', codeSigningInfo='<_DVTCodeSigningInformation_Path: 0xb7ecdb540; isSigned='1', isAdHocSigned='0', signingCertificate='<DVTSigningCertificate: 0xb7bbac780; name='Developer ID Application: Sang Yeop Lim (79Q5RV23F9)', hash='1C6AC1622D621AE7318C8C2A7CD1360BA183BBB6', serialNumber='54E0ED91D9F8A362902842CAFF75CF9E', certificateKinds='(
    "1.2.840.113635.100.6.1.13"
), issueDate='2025-12-15 05:33:35 +0000''>', entitlements='{
    "com.apple.security.app-sandbox" = 1;
    "com.apple.security.files.user-selected.read-only" = 1;
    "com.apple.security.temporary-exception.mach-lookup.global-name" =     (
        "com.gityeop.FlowClip-spks",
        "com.gityeop.FlowClip-spki"
    );
}', teamID='79Q5RV23F9', identifier='com.gityeop.FlowClip', executablePath='<DVTFilePath:0xb7e388a80:'/Users/imsang-yeob/Maccy/build/FlowClip.xcarchive/Products/Applications/FlowClip.app/Contents/MacOS/FlowClip'>', hardenedRuntime='1'>'> to: /var/folders/9d/8jyn_9md5xs0dcw7638m62g40000gn/T/XcodeDistPipeline.~~~GIYoLX/entitlements~~~RE8bhr
2026-04-07 15:04:24 +0000 [MT] invoking codesign: <NSConcreteTask: 0xb7cb78230; launchPath='/usr/bin/codesign', arguments='(
    "-f",
    "-s",
    1C6AC1622D621AE7318C8C2A7CD1360BA183BBB6,
    "--entitlements",
    "/var/folders/9d/8jyn_9md5xs0dcw7638m62g40000gn/T/XcodeDistPipeline.~~~GIYoLX/entitlements~~~RE8bhr",
    "--requirements",
    "=designated => anchor apple generic  and identifier \"$self.identifier\" and ((cert leaf[field.1.2.840.113635.100.6.1.9] exists) or ( certificate 1[field.1.2.840.113635.100.6.2.6] exists and certificate leaf[field.1.2.840.113635.100.6.1.13] exists  and certificate leaf[subject.OU] = \"79Q5RV23F9\" ))",
    "--preserve-metadata=identifier,flags,runtime,launch-constraints,library-constraints",
    "--generate-entitlement-der",
    "--strip-disallowed-xattrs",
    "-vvv",
    "/var/folders/9d/8jyn_9md5xs0dcw7638m62g40000gn/T/XcodeDistPipeline.~~~GIYoLX/Root/Applications/FlowClip.app"
)'>
2026-04-07 15:04:25 +0000 [MT] codesign output: /var/folders/9d/8jyn_9md5xs0dcw7638m62g40000gn/T/XcodeDistPipeline.~~~GIYoLX/Root/Applications/FlowClip.app: replacing existing signature
/var/folders/9d/8jyn_9md5xs0dcw7638m62g40000gn/T/XcodeDistPipeline.~~~GIYoLX/Root/Applications/FlowClip.app: signed app bundle with Mach-O universal (x86_64 arm64) [com.gityeop.FlowClip]
2026-04-07 15:04:25 +0000 [MT] Processing step: IDEDistributionZipODRItemStep
2026-04-07 15:04:25 +0000 [MT] Skipping step: IDEDistributionZipODRItemStep because it said so
2026-04-07 15:04:25 +0000 [MT] Skipping step: IDEDistributionZipODRItemStep because it said so
2026-04-07 15:04:25 +0000 [MT] Skipping step: IDEDistributionZipODRItemStep because it said so
2026-04-07 15:04:25 +0000 [MT] Skipping step: IDEDistributionZipODRItemStep because it said so
2026-04-07 15:04:25 +0000 [MT] Skipping step: IDEDistributionZipODRItemStep because it said so
2026-04-07 15:04:25 +0000 [MT] Skipping step: IDEDistributionZipODRItemStep because it said so
2026-04-07 15:04:25 +0000 [MT] Processing step: IDEDistributionSkipPackagingStep
2026-04-07 15:04:25 +0000 [MT] Processing step: IDEDistributionAppStoreInformationStep
2026-04-07 15:04:25 +0000 [MT] Skipping step: IDEDistributionAppStoreInformationStep because it said so
2026-04-07 15:04:25 +0000 [MT] Processing step: IDEDistributionGenerateProcessedDistributionItems
2026-04-07 15:04:25 +0000 [MT] IDEDistributionItem init <DVTFilePath:0xb7d62d5c0:'/var/folders/9d/8jyn_9md5xs0dcw7638m62g40000gn/T/XcodeDistPipeline.~~~GIYoLX/Root/Applications/FlowClip.app/Contents/Frameworks/Sparkle.framework/Versions/B/XPCServices/Downloader.xpc'>
2026-04-07 15:04:25 +0000 [MT] [OPTIONAL] Didn't find embedded provisioning profile for <DVTFilePath:0xb7d62d5c0:'/var/folders/9d/8jyn_9md5xs0dcw7638m62g40000gn/T/XcodeDistPipeline.~~~GIYoLX/Root/Applications/FlowClip.app/Contents/Frameworks/Sparkle.framework/Versions/B/XPCServices/Downloader.xpc'>: Error Domain=NSCocoaErrorDomain Code=4 "No file at <DVTFilePath:0xb7ca82df0:'/var/folders/9d/8jyn_9md5xs0dcw7638m62g40000gn/T/XcodeDistPipeline.~~~GIYoLX/Root/Applications/FlowClip.app/Contents/Frameworks/Sparkle.framework/Versions/B/XPCServices/Downloader.xpc/Contents/embedded.provisionprofile'>" UserInfo={NSLocalizedDescription=No file at <DVTFilePath:0xb7ca82df0:'/var/folders/9d/8jyn_9md5xs0dcw7638m62g40000gn/T/XcodeDistPipeline.~~~GIYoLX/Root/Applications/FlowClip.app/Contents/Frameworks/Sparkle.framework/Versions/B/XPCServices/Downloader.xpc/Contents/embedded.provisionprofile'>}
2026-04-07 15:04:25 +0000 [MT] IDEDistributionItem init <DVTFilePath:0xb7d62c2a0:'/var/folders/9d/8jyn_9md5xs0dcw7638m62g40000gn/T/XcodeDistPipeline.~~~GIYoLX/Root/Applications/FlowClip.app/Contents/Frameworks/Sparkle.framework/Versions/B/Autoupdate'>
2026-04-07 15:04:25 +0000 [MT] [OPTIONAL] Didn't find info dictionary for <DVTFilePath:0xb7d62c2a0:'/var/folders/9d/8jyn_9md5xs0dcw7638m62g40000gn/T/XcodeDistPipeline.~~~GIYoLX/Root/Applications/FlowClip.app/Contents/Frameworks/Sparkle.framework/Versions/B/Autoupdate'>: Error Domain=DVTFoundationNSBundleAdditionsErrorDomain Code=1 "Couldn't load Info dictionary for <DVTFilePath:0xb7d62c2a0:'/var/folders/9d/8jyn_9md5xs0dcw7638m62g40000gn/T/XcodeDistPipeline.~~~GIYoLX/Root/Applications/FlowClip.app/Contents/Frameworks/Sparkle.framework/Versions/B/Autoupdate'>" UserInfo={NSLocalizedDescription=Couldn't load Info dictionary for <DVTFilePath:0xb7d62c2a0:'/var/folders/9d/8jyn_9md5xs0dcw7638m62g40000gn/T/XcodeDistPipeline.~~~GIYoLX/Root/Applications/FlowClip.app/Contents/Frameworks/Sparkle.framework/Versions/B/Autoupdate'>}
2026-04-07 15:04:25 +0000 [MT] [OPTIONAL] Can't have a profile, not a bundle at <DVTFilePath:0xb7d62c2a0:'/var/folders/9d/8jyn_9md5xs0dcw7638m62g40000gn/T/XcodeDistPipeline.~~~GIYoLX/Root/Applications/FlowClip.app/Contents/Frameworks/Sparkle.framework/Versions/B/Autoupdate'>
2026-04-07 15:04:25 +0000 [MT] IDEDistributionItem init <DVTFilePath:0xb7d62d500:'/var/folders/9d/8jyn_9md5xs0dcw7638m62g40000gn/T/XcodeDistPipeline.~~~GIYoLX/Root/Applications/FlowClip.app/Contents/Frameworks/Sparkle.framework/Versions/B/XPCServices/Installer.xpc'>
2026-04-07 15:04:25 +0000 [MT] [OPTIONAL] Didn't find embedded provisioning profile for <DVTFilePath:0xb7d62d500:'/var/folders/9d/8jyn_9md5xs0dcw7638m62g40000gn/T/XcodeDistPipeline.~~~GIYoLX/Root/Applications/FlowClip.app/Contents/Frameworks/Sparkle.framework/Versions/B/XPCServices/Installer.xpc'>: Error Domain=NSCocoaErrorDomain Code=4 "No file at <DVTFilePath:0xb7ca82bc0:'/var/folders/9d/8jyn_9md5xs0dcw7638m62g40000gn/T/XcodeDistPipeline.~~~GIYoLX/Root/Applications/FlowClip.app/Contents/Frameworks/Sparkle.framework/Versions/B/XPCServices/Installer.xpc/Contents/embedded.provisionprofile'>" UserInfo={NSLocalizedDescription=No file at <DVTFilePath:0xb7ca82bc0:'/var/folders/9d/8jyn_9md5xs0dcw7638m62g40000gn/T/XcodeDistPipeline.~~~GIYoLX/Root/Applications/FlowClip.app/Contents/Frameworks/Sparkle.framework/Versions/B/XPCServices/Installer.xpc/Contents/embedded.provisionprofile'>}
2026-04-07 15:04:25 +0000 [MT] IDEDistributionItem init <DVTFilePath:0xb7d62d440:'/var/folders/9d/8jyn_9md5xs0dcw7638m62g40000gn/T/XcodeDistPipeline.~~~GIYoLX/Root/Applications/FlowClip.app/Contents/Frameworks/Sparkle.framework/Versions/B/Updater.app'>
2026-04-07 15:04:25 +0000 [MT] [OPTIONAL] Didn't find embedded provisioning profile for <DVTFilePath:0xb7d62d440:'/var/folders/9d/8jyn_9md5xs0dcw7638m62g40000gn/T/XcodeDistPipeline.~~~GIYoLX/Root/Applications/FlowClip.app/Contents/Frameworks/Sparkle.framework/Versions/B/Updater.app'>: Error Domain=NSCocoaErrorDomain Code=4 "No file at <DVTFilePath:0xb7ca82d10:'/var/folders/9d/8jyn_9md5xs0dcw7638m62g40000gn/T/XcodeDistPipeline.~~~GIYoLX/Root/Applications/FlowClip.app/Contents/Frameworks/Sparkle.framework/Versions/B/Updater.app/Contents/embedded.provisionprofile'>" UserInfo={NSLocalizedDescription=No file at <DVTFilePath:0xb7ca82d10:'/var/folders/9d/8jyn_9md5xs0dcw7638m62g40000gn/T/XcodeDistPipeline.~~~GIYoLX/Root/Applications/FlowClip.app/Contents/Frameworks/Sparkle.framework/Versions/B/Updater.app/Contents/embedded.provisionprofile'>}
2026-04-07 15:04:25 +0000 [MT] IDEDistributionItem init <DVTFilePath:0xb7d62d680:'/var/folders/9d/8jyn_9md5xs0dcw7638m62g40000gn/T/XcodeDistPipeline.~~~GIYoLX/Root/Applications/FlowClip.app/Contents/Frameworks/Sparkle.framework/Versions/B'>
2026-04-07 15:04:25 +0000 [MT] IDEDistributionItem init <DVTFilePath:0xb7d62dc20:'/var/folders/9d/8jyn_9md5xs0dcw7638m62g40000gn/T/XcodeDistPipeline.~~~GIYoLX/Root/Applications/FlowClip.app'>
2026-04-07 15:04:25 +0000 [MT] [OPTIONAL] Didn't find embedded provisioning profile for <DVTFilePath:0xb7d62dc20:'/var/folders/9d/8jyn_9md5xs0dcw7638m62g40000gn/T/XcodeDistPipeline.~~~GIYoLX/Root/Applications/FlowClip.app'>: Error Domain=NSCocoaErrorDomain Code=4 "No file at <DVTFilePath:0xb7ca82c30:'/var/folders/9d/8jyn_9md5xs0dcw7638m62g40000gn/T/XcodeDistPipeline.~~~GIYoLX/Root/Applications/FlowClip.app/Contents/embedded.provisionprofile'>" UserInfo={NSLocalizedDescription=No file at <DVTFilePath:0xb7ca82c30:'/var/folders/9d/8jyn_9md5xs0dcw7638m62g40000gn/T/XcodeDistPipeline.~~~GIYoLX/Root/Applications/FlowClip.app/Contents/embedded.provisionprofile'>}
2026-04-07 15:04:25 +0000 [MT] Processing step: IDEDistributionCreateManifestStep
2026-04-07 15:04:25 +0000 [MT] Skipping step: IDEDistributionCreateManifestStep because it said so
